id,source_prompt,target_prompt
000000000000,a slanted mountain bicycle on the road in front of a building,a slanted [rusty] mountain bicycle on the road in front of a building
000000000001,a [round] cake with orange frosting on a wooden plate,a [square] cake with orange frosting on a wooden plate
000000000002,a [cat] sitting on a wooden chair,a [dog] sitting on a wooden chair
000000000003,"blue light, a black and white [cat] is playing with a flower","blue light, a black and white [dog] is playing with a flower"
000000000004,a cat sitting next to a mirror,a [silver] cat [sculpture] sitting next to a mirror
000000000005,an [orange] cat sitting on top of a fence,an [black] cat sitting on top of a fence
000000000006,a cup of coffee with drawing of [tulip] putted on the wooden table,a cup of coffee with drawing of [lion] putted on the wooden table
000000000007,a german shepherd dog stands on the grass with mouth [closed],a german shepherd dog stands on the grass with mouth [opened]
000000000008,a golden retriever [holding a flower] sitting on the ground in front of fence,a golden retriever sitting on the ground in front of fence
000000000009,a [dog] is laying down on a white background,a [lion] is laying down on a white background
000000000010,photo of a [goat] and a cat standing on rocks near the ocean,photo of a [horse] and a cat standing on rocks near the ocean
000000000011,a [colorful] bird standing on a branch,a [red] bird standing on a branch
000000000012,meat [balls] on white plate,meat [sushi] on white plate
000000000013,three white [dumplings] on brown bowl,three white [sushi] on brown bowl
000000000014,a man with his hands [hanging down] standing by a house,a man with his hands [rasing] standing by a house
000000000015,white plate with [fruits] on it,white plate with [pizza] on it
000000000016,a plate with [steak] on it,a plate with [salmon] on it
000000000017,photo of a statue [in front view],photo of a statue [in side view]
000000000018,the statue of liberty holding a [torch],the statue of liberty holding a [flower]
000000000019,white [tiger] on brown ground,white [cat] on brown ground
000000000020,two birds sitting on a branch,two [origami] birds sitting on a branch
000000000021,"two parrots sitting on a stick, city street background","two [kissing] parrots sitting on a stick, city street background"
000000000022,an orange van with [surfboards] on top,an orange van with [flowers] on top
000000000023,a [gray] horse in the field,a [white] horse in the field
000000000024,a [white] horse running in the sunset,a [golden] horse running in the sunset
000000000025,a [woman] with blue hair wearing a shirt,a [storm-trooper] with blue hair wearing a shirt
000000000026,a yellow bird with a red beak sitting on a branch,a [crochet] bird with a red beak sitting on a branch
000000000027,a [opened] eyes cat sitting on wooden floor,a [closed] eyes cat sitting on wooden floor
000000000028,white flowers on a tree branch with blue sky background,[an oil painting of] white flowers on a tree branch with blue sky background
000000000029,a [kitten] walking through the grass,a [duck] walking through the grass
000000000030,a [stream] in a lush green forest with rocks,a [road] in a lush green forest with rocks
000000000031,a [red] rose in the dark,a [blue] rose in the dark
000000000032,a group of [pink] flowers hanging from a tree,a group of [red] flowers hanging from a tree
000000000033,a cartoon of a [boy] walking his dog in autumn,a cartoon of a [girl] walking his dog in autumn
000000000034,a mother duck and her babies are standing near the water,[a sketch painting of] a mother duck and her babies are standing near the water
000000000035,[photograph] - window of the world by jimmy kirk,[painting] - window of the world by jimmy kirk
000000000036,[smoke],[fire]
000000000037,mountain landscape with [flowers and] withered grass,mountain landscape with withered grass
000000000038,a little girl with [green] eyes and flowers in a blue dress,a little girl with [blue] eyes and flowers in a blue dress
000000000039,two ducks in the [dirt],two ducks in the [sea]
000000000040,a cat sitting with beads collar,a cat sitting with beads collar [putting hands down]
000000000041,the arctic sky,[a castle in] the arctic sky
000000000042,a [black] wolf is standing on rocks in a dark forest,a [white] wolf is standing on rocks in a dark forest
000000000043,a [large red] cargo ship in the ocean at sunset,a [small blue] cargo ship in the ocean at sunset
000000000044,a cat sitting in the [grass],a cat sitting in the [rocks]
000000000045,the christmas illustration of a santa's [laughing] face,the christmas illustration of a santa's [angry] face
000000000046,[painting] of clouds in the sky,[photo] of clouds in the sky
000000000047,[rusty] car by jill kaufman,[shiny] car by jill kaufman
000000000048,sunset over a field with clouds and a [bright] sky,sunset over a field with clouds and a [dark] sky
000000000049,[black] chair in a conference room,[blue] chair in a conference room
000000000050,a bird standing on [clods],a bird standing on [eggs]
000000000051,a painting of [pink and white flowers] in a blue vase,a painting of a blue vase
000000000052,a logo of [bird] shape in a black background,a logo of [X] shpae in a black background
000000000053,a fluffy dog with a blue leash sitting in the [grass],a fluffy dog with a blue leash sitting in the [ground]
000000000054,a camera and a notebook on a [bed],a camera and a notebook on a [table]
000000000055,a black dog is looking at the camera in the [snow],a black dog is looking at the camera in the [rain]
000000000056,a [meerkat] puppy wrapped in a blue towel,a [lion] puppy wrapped in a blue towel
000000000057,an owl sitting on a branch,[a photo of] an owl sitting on a branch
000000000058,[purple] tulips in vase,[yellow] tulips in vase
000000000059,a cartoon goat,a cartoon goat [face backward]
000000000060,a [yellow] apple sitting on top of a wooden table,a [red] apple sitting on top of a wooden table
000000000061,a mid [autumn] road lined with trees and leaves,a mid [spring] road lined with trees and leaves
000000000062,a [rabbit] is sitting in a pile of colorful eggs,a [cat] is sitting in a pile of colorful eggs
000000000063,a vase with some [blooming] flowers in it,a vase with some [wilted] flowers in it
000000000064,a woman in front of a glowing yellow light,a woman [riding a lion] in front of a glowing yellow light
000000000065,a bird is sitting on a branch [with moss],a bird is sitting on a branch
000000000066,a dalmatian dog laying on the ground,[a digital art painting of] a dalmatian dog laying on the ground
000000000067,a woman in a [jacket] standing in the rain,a woman in a [blouse] standing in the rain
000000000068,photo of [horses] running in the woods,photo of [unicorns] running in the woods
000000000069,[sea] and house,[forest] and house
000000000070,"the city of dresden, germany, europe","[a sunny day of] the city of dresden, germany, europe"
000000000071,an apple with two [faces] on it in a white background,an apple with two [hands] on it in a white background
000000000072,colorful cups,[wooden] colorful cups
000000000073,a [spring] field with trees and a blue sky,a [autumn] field with trees and a blue sky
000000000074,a mountain is covered in [clouds and] snow,a mountain is covered in snow
000000000075,a woman with [flowers] around her face,a woman with [monster] around her face
000000000076,a painting of a cup with a [smoke] coming out of it,a painting of a cup with a [flower] coming out of it
000000000077,a painting of a [cabin] in the snow with mountains in the background,a painting of a [car] in the snow with mountains in the background
000000000078,ocean with [clouds] in the sky,ocean with [stars] in the sky
000000000079,a man walking in a [town] with mountains in the background,a man walking in a [city] with mountains in the background
000000000080,a [cat] is shown in a low polygonal style,a [fox] is shown in a low polygonal style
000000000081,[mushrooms on] a branch in the forest,a branch in the forest
000000000082,a cute dog holding a [red] heart,a cute dog holding a [pink] heart
000000000083,a water droplet hangs from a string of lights,a water droplet hangs from a string of [red] lights
000000000084,two [red and white] toy gnomes are sitting on a snow covered surface,two [blue and green] toy gnomes are sitting on a snow covered surface
000000000085,wolf howling at the moon with a outline of a [wolf],wolf howling at the moon with a outline of a [person]
000000000086,the [almond] tree is blooming in the spring,the [violet] tree is blooming in the spring
000000000087,a jockey rides a [horse] on a grassy field,a jockey rides a [dragon] on a grassy field
000000000088,"a plate with rice, [lemon] slices and fish","a plate with rice, [apple] slices and fish"
000000000089,two [red] berries on a tree branch with a blue sky in the background,two [purple] berries on a tree branch with a blue sky in the background
000000000090,a drawing of a woman with a towel on her head,a drawing of a woman with a towel on her head [and a dress on her body]
000000000091,a girl sitting at a table with [pizza] and drinks,a girl sitting at a table with [noodles] and drinks
000000000092,lilas and book on [wooden] surface,lilas and book on [glass] surface
000000000093,a [collie dog] is sitting on a bed,a [garfield cat] is sitting on a sofa
000000000094,a cat is sitting on a [red] blanket,a cat is sitting on a [blue] blanket
000000000095,a painting of a fairy with green wings holding a [glowing jar],a painting of a fairy with green wings holding a [crystal ball]
000000000096,a [white and black] photo of bride and groom embrace in the woods,a [colorful and beautiful] photo of bride and groom embrace in the woods
000000000097,a vase of colorful flowers on a [wooden] table,a vase of colorful flowers on a [plastic] table
000000000098,a light bulb hanging from a wire with [sky] in the background,a light bulb hanging from a wire with [grass] in the background
000000000099,a painting of a woman holding a [pink flower],a painting of a woman holding a [teddy bear]
000000000100,a woman in black holding an umbrella walks through a [field],a woman in black holding an umbrella walks through a [forest]
000000000101,poppies,tulip
000000000102,a rose on the [rail],a rose on the [wood]
000000000103,an [abstract painting] of waves and water,an [digital painting] of waves and water
000000000104,a woman with [flowers] in her hair,a woman with [snakes] in her hair
000000000105,cat with [yellow] eyes,cat with [green] eyes
000000000106,a [red] mushroom with white spots on it is sitting on the ground,a [blue] mushroom with white spots on it is sitting on the ground
000000000107,a bird on the branch,a [wodden] bird on the branch
000000000108,a woman sitting in a living room,[a watercolor painting of] a woman sitting in a living room
000000000109,a farm with a [thatched] roof and trees in the background,a farm with a [tile] roof and trees in the background
000000000110,a [young woman] is holding a dog,a [old woman] is holding a dog
000000000111,a [cat] with green eyes sitting on the ground,a [dog] with green eyes sitting on the ground
000000000112,a group of [rubber ducks] are lined up in a canal,a group of [plush ducks] are lined up in a canal
000000000113,[dogs] running in the grass,[rabbits] running in the grass
000000000114,a photo of a man and woman sitting on the ground,a [colorful] photo of a man and woman sitting on the ground
000000000115,two [ducks] standing next to each other,two [birds] standing next to each other
000000000116,easter eggs in a [teacup],easter eggs in a [glass]
000000000117,a [pink] flower with [yellow] center in the middle,a [blue] flower with [red] center in the middle
000000000118,a small bird is sitting on a branch in a [field],a small bird is sitting on a branch in a [forest]
000000000119,a woman in red sitting on a chair with [castle] in the background,a woman in red sitting on a chair with [ghost] in the background
000000000120,woman with [brown] hair,woman with [blue] hair
000000000121,[watercolor] of leaves on a branch,[oilpainting] of leaves on a branch
000000000122,a view of the mountains covered in [snow],a view of the mountains covered in [leaves]
000000000123,[gold] buddha statue in the temple,[stone] buddha statue in the temple
000000000124,the [galaxy] over the durdle door,the [sunset] over the durdle door
000000000125,a close up of a [purple] flower on a black background,a close up of a [blue] flower on a black background
000000000126,a kitchen,[an oil painting of] a kitchen
000000000127,a boat is docked on a lake in the [heavy fog],a boat is docked on a lake in the [sunny day]
000000000128,[cartoon] painting of a fox sleeping with flowers with a gray background,[watercolor] painting of a fox sleeping with flowers with a gray background
000000000129,a woman with [gold] makeup,a woman with [blue] makeup
000000000130,a toy figure of naruto standing on a [table],a toy figure of naruto standing on a [cloud]
000000000131,a swan swimming in a pond with its head [out] the water,a swan swimming in a pond with its head [in] the water
000000000132,a little girl wearing sunglasses and a gray [shirt] leaning against a wall,a little girl wearing sunglasses and a gray [dress] leaning against a wall
000000000133,a lion in the sky with a [blue background],a lion in the sky with a [red background]
000000000134,a [black and white] bird flying in the blue sky,a [red and white] bird flying in the blue sky
000000000135,the two people are standing on [rocks] with a fish,the two people are standing on [boat] with a fish
000000000136,a [yellow] bird sitting on a branch,a [blue] bird sitting on a branch
000000000137,a golden pagoda in the [snow],a golden pagoda in the [rain]
000000000138,a cat,a cat [with a hat]
000000000139,a duck standing on a [rock] near water,a duck standing on a [shark] near water
111000000000,[fishes] in the ocean,[sharks] in the ocean
111000000001,a [cat] wearing a pink hat,a [tiger] wearing a pink hat
111000000002,a cute little [duck] with big eyes,a cute little [marmot] with big eyes
111000000003,a cute little [bunny] with big eyes,a cute little [pig] with big eyes
111000000004,a cartoon painting of a cute owl with a [heart] on its body,a cartoon painting of a cute owl with a [circle] on its body
111000000005,a girl and her [dog] in a field,a girl and her [monkey] in a field
111000000006,[cat] on the roof at night,[dog] on the roof at night
111000000007,an illustration of a [cat] sitting on top of a rock,an illustration of a [bear] sitting on top of a rock
111000000008,a [monkey] wearing colorful goggles and a colorful scarf,a [man] wearing colorful goggles and a colorful scarf
111000000009,a painting of a [rat] with red eyes,a painting of a [pig] with red eyes
112000000000,a painting of a woman in green [dress],a painting of a woman in green [shirts]
112000000001,a beautiful woman with [garland] on head,a beautiful woman with [hat] on head
112000000002,cartoon [boy] driving a car,cartoon [girl] driving a car
112000000003,a girl with black hair and a white shirt is holding a [phone],a girl with black hair and a white shirt is holding a [coffee]
112000000004,a cartoon girl sitting on a [backpack],a cartoon girl sitting on a [rock]
112000000005,a woman standing under [street light] in the snow,a woman standing under [beautiful moon] in the snow
112000000006,a cartoon man sitting at a desk with [laptop],a cartoon man sitting at a desk with [notebook]
112000000007,a woman with a mask and [flowers] in her hair,a woman with a mask and [crown] in her hair
112000000008,a painting of two women walking on the [beach],a painting of two women walking on the [grass]
112000000009,an [angel] with wings and a golden light,an [demon] with wings and a golden light
113000000000,a gold plated bowl filled with [fruit],a gold plated bowl filled with [candy]
113000000001,a [pepper] on the table,a [pear] on the table
113000000002,a [vase] sitting on a table near a window,a [plant] sitting on a table near a window
113000000003,a [cake] with a pink and blue icing,a [icecream] with a pink and blue icing
113000000004,a cat and [fish] in a fish bowl,a cat and [frog] in a fish bowl
113000000005,a [chair] and lamp,a [table] and lamp
113000000006,a woman's face is framed in a large [photo] on a wall,a woman's face is framed in a large [painting] on a wall
113000000007,a gold potted [plant] on a wooden table,a gold potted [flower] on a wooden table
113000000008,a [teacup] and saucer with a spoon and a fork,a [cake] and saucer with a spoon and a fork
113000000009,a vase with sunflowers and [pears] on a table,a vase with sunflowers and [bananas] on a table
114000000000,a cup of coffee and a [moon] over the ocean,a cup of coffee and a [astronaut] over the ocean
114000000001,a cartoon [bear] playing golf on a green field,a cartoon [rabbit] playing golf on a green field
114000000002,a painting of a [castle] in the middle of a lake,a painting of a [gaint] in the middle of a lake
114000000003,a colorful [car] is parked on the street,a colorful [motorcycle] is parked on the street
114000000004,a blue pyramid with a reflection of [mountains] in the water,a blue pyramid with a reflection of [ship] in the water
114000000005,a [house] in the woods,a [monster] in the woods
114000000006,a small cabin on an island in the middle of [lake],a small cabin on an island in the middle of [magma]
114000000007,a woman in a dress standing in front of a [spaceship],a woman in a dress standing in front of a [eagle]
114000000008,a futuristic city with [cars] and people walking in the street,a futuristic city with [rocket] and people walking in the street
114000000009,the jungle with a [beautiful waterfall],the jungle with a [star river]
121000000000,an orange cat play with [a black and white cat] in the grass,an orange cat play with [a big pink yarn ball] in the grass
121000000001,a [cat] sitting next to a mirror,a [tiger] sitting next to a mirror
121000000002,a [horse] in a grass field,a [zebra] in a grass field
121000000003,a white [bulldog] is walking on the grass,a white [rat] is walking on the grass
121000000004,a blue and white [bird] sits on a branch,a blue and white [butterfly] sits on a branch
121000000005,a [squirrel] is sitting on top of a wooden fence,a [rabbit] is sitting on top of a wooden fence
121000000006,a [dog] sitting on the beach with a body of water in the background,a [wolf] sitting on the beach with a body of water in the background
121000000007,a fluffy [cat] with yellow eyes sitting on a wooden floor,a fluffy [panda] with yellow eyes sitting on a wooden floor
121000000008,a [butterfly] on a leaf in the garden,a [parrot] on a leaf in the garden
121000000009,a [bird] is standing on top of a rock,a [leopard] is standing on top of a rock
122000000000,a photo of [couples] dancing,a photo of [robots] dancing
122000000001,[spiderman] on the roof,[robot] on the roof
122000000002,a woman in a coat holding a [camera],a woman in a coat holding a [phone]
122000000003,a woman sitting in the grass with a [book],a woman sitting in the grass with a [laptop]
122000000004,a woman in black dress leaning against a [car],a woman in black dress leaning against a [wall]
122000000005,a woman sitting on a [bench] using her cell phone,a woman sitting on a [sofa] using her cell phone
122000000006,an old man playing an electric [guitar] on a street,an old man playing an electric [piano] on a street
122000000007,a woman sitting in a [folding chair] near a waterfall,a woman sitting in a [blue rock] near a waterfall
122000000008,a [woman] and a horse,a [man] and a horse
122000000009,"a woman sitting at a bar with a glass of wine, with a [lamp] on the table","a woman sitting at a bar with a glass of wine, with a [cake] on the table"
123000000000,"a table with [green napkin], food and drinks putting on it","a table with [dilicious pizza], food and drinks putting on it"
123000000001,a [chair] in a room,a [dresser] in a room
123000000002,a [book] on the table,a [painting] on the table
123000000003,a [bath tub] with towels and a towel rack,a [wash basin] with towels and a towel rack
123000000004,a blue glass [pendant] on a black cord,a blue glass [purse] on a black cord
123000000005,[bread] on a wooden table with tomatoes and a napkin,[meat] on a wooden table with tomatoes and a napkin
123000000006,bamboo bonsai plant and [notebook] on white table,bamboo bonsai plant and [calendar] on white table
123000000007,a living room with white [sofa] and a brick wall,a living room with white [bed] and a brick wall
123000000008,a white table with four chairs and [flowers],a white table with four chairs and [dog]
123000000009,a basket of books and a [cup],a basket of books and a [candle]
124000000000,[cars] driving on a highway at sunset,[boats] driving on a highway at sunset
124000000001,a man in a [boat] is silhouetted against the sunset,a man in a [blanket] is silhouetted against the sunset
124000000002,a white [windmill] in a blue sky,a white [castle] in a blue sky
124000000003,a [tiger] swimming in a pond of green algae,a [dog] swimming in a pond of green algae
124000000004,a white brick wall and a [potted plant],a white brick wall and a [sitted man]
124000000005,the [sun] over an old farmhouse,the [moon] over an old farmhouse
124000000006,a woman jumps over [rocks] at sunset,a woman jumps over a [zombie] at sunset
124000000007,[rocks] sitting on top of each other,[cakes] sitting on top of each other
124000000008,a red [star] is sitting in the snow,a red [heart] is sitting in the snow
124000000009,a glass of red [drink] on the beach,a glass of red [wine] on the beach
211000000000,a dog wearing space suit,a dog wearing space suit [with flowers in mouth]
211000000001,a cat,a cat [with a gold chain and a star on its head]
211000000002,a bee illustration on a paper,a bee illustration on a paper [with leaves]
211000000003,a small dog dressed in armor,a small dog dressed in armor [with a hurbat]
211000000004,a pink zebra painted on a wall,a pink zebra [and a cat] painted on a wall
211000000005,a rabbit sitting in front of colorful eggs,a rabbit [with a dress] sitting in front of colorful eggs
211000000006,a sheep with pink and blue hair standing on a colorful background,a sheep with pink and blue hair standing on a colorful background [with flowers around]
211000000007,a digital art of charcoal grey little squirrel sitting on top of books,a digital art of charcoal grey little squirrel sitting on top of books [holding pens]
211000000008,a cartoon painting of rabbit sitting on the ground in a field,a cartoon painting of rabbit sitting on the ground in a field [with small eyes]
211000000009,a man in a red suit holding a rabbit,a man in a red suit holding a rabbit [and a cat]
212000000000,mozart portrait,mozart [with hat] portrait
212000000001,a man with blue eyes and black hair,a man with blue eyes and black hair [and tattoo]
212000000002,a pink cartoon girl surrounded by flowers,a pink cartoon girl [with a graffiti on her face] surrounded by flowers
212000000003,an Asian woman with blue thick-lashed eyes and black hair,an Asian woman with blue thick-lashed eyes [and flowers on her] black hair
212000000004,a female character in a blue outfit,a female character in a blue outfit [with a tiger]
212000000005,a woman with dark hair,a woman with dark hair [wearing earrings]
212000000006,a digital art of a brown hair woman,a digital art of a brown hair woman [with flying butterfly]
212000000007,a digital art of a woman in a dress surrounded by dark roses,a digital art of a woman in a dress surrounded by dark roses [and snakes]
212000000008,a cartoon man,a cartoon man [and a bird]
212000000009,a black skin man with a tree head and branches on his face,a black skin man with a tree head and branches on his face [and eyes closed]
213000000000,two red flowers on a pink background,two red flowers on a pink [hearts] background
213000000001,a cup of coffee and a notebook on a checkered tablecloth,a cup of coffee and a notebook on a checkered tablecloth [with a pen]
213000000002,paper art,paper art [and kids]
213000000003,"notebook, pencil, glasses, camera on a map","notebook, pencil, glasses, camera [and coffee] on a map"
213000000004,"a desk with a globe, ink, candles","a desk with a globe, ink, candles [and jewellery]"
213000000005,a large brown teddy bear sitting on a white couch,a large brown teddy bear [and a girl] sitting on a white couch
213000000006,a bottle of champagne and a hat on a wooden table,a bottle of champagne and a hat [with flowers] on a wooden table
213000000007,a person using a laptop on a table,a person using a laptop on a table [with books]
213000000008,a table with flowers on it,a table with flowers [and hat] on it
213000000009,a teapot with smoke coming out of it,a teapot [surrounded with ghosts] with smoke coming out of it
214000000000,a painting of a waterfall in the mountains,a painting of a waterfall [and angels] in the mountains
214000000001,"a round painting of a forest with flowers, trees","a round painting of a forest with [deer,] flowers, trees"
214000000002,a family playing with their dog at sunset,a family playing with their dog at sunset [with clouds in the sky]
214000000003,a wathet large statue of a man as huge as a mountain,a wathet large statue of a man as huge as a mountain [with horses under it]
214000000004,a painting of two people walking down a path in a field,a painting of two people walking down a path [following a car] in a field
214000000005,"the witcher 3, fantasy art","the witcher 3 [with a small wizard], fantasy art"
214000000006,elephant in the forest,elephant in the forest [and a man riding it]
214000000007,a small island with a tree,a small island with a tree and a girl
214000000008,a man standing on a rock looking at the sky,a man standing on a rock looking at the sky [with robot boat]
214000000009,a [man] standing on top of a mountain with purple background,a [bird] standing on top of a mountain with purple background
221000000000,a dog looking at the camera,a dog [with a red dog collar] looking at the camera
221000000001,a white dog and a brown dog on the withered grass,"[dog bone,] a white dog and a brown dog on the withered grass"
221000000002,a cat standing on fence,a cat [wearing hat] standing on fence
221000000003,[a] small brown bird sitting on top of a pine tree,[two] small brown bird sitting on top of a pine tree
221000000004,a cat staring in the grass,a cat staring [at a mouse] in the grass
221000000005,a duck flaps its wings while swimming in the water,a duck flaps its wings while swimming in the water [fishes jumping out]
221000000006,a koala is sitting on a tree,a koala [and a bird] is sitting on a tree
221000000007,a photo of a grey swan swimming,a photo of a grey swan swimming [with her babies]
221000000008,a squirrel sitting on top of a wooden platform,a squirrel sitting on top of a wooden platform [reading a book]
221000000009,moose in the forest,moose [in rain] in the forest
222000000000,MonaLisa with mysterious smile,[a golden painting of] MonaLisa with mysterious smile
222000000001,a woman in a coat is dancing,a woman in a coat [and dress] is dancing
222000000002,a man in a suit and watch standing,a man in a suit and watch standing [with Aliens everywhere]
222000000003,a woman in sunglasses sitting on a bench,a woman in sunglasses [and backpack] sitting on a bench
222000000004,a woman in a white dress holding a straw hat,a woman in a white dress holding a straw hat [and a tennis racket]
222000000005,man standing on top of a hill with black [hair],man standing on top of a hill with black [turban]
222000000006,a woman in a [brown] jacket and jeans,a woman in a [black] jacket and jeans
222000000007,a woman in dress and stockings leaning against a wall,a woman in dress and stockings leaning against a wall [hanging paintings]
222000000008,a woman with her hands on her face,a woman with her hands on her face [wearing exaggerated hair band]
222000000009,portrait of a farmer in black and white,portrait of a farmer in black and white [with hinge hangs around his neck]
223000000000,a man reading books in front of a wall,a man reading books in front of a wall [with a painting of a heart]
223000000001,a figurine on a white table,a figurine [and a cucumber] on a white table
223000000002,blueberries,blueberries [and strawberries]
223000000003,a white vase with purple tulips on a pink background,[a cat and] a white vase with purple tulips on a pink background
223000000004,two wooden chess pieces on a white background,two wooden chess pieces on a white background [with chessboard]
223000000005,orange and daisy,orange and daisy [and glass of water]
223000000006,"a notebook, plants, pen, and phone on a desk","a notebook, plants, pen, and phone [and glasses] on a desk"
223000000007,a red apple sitting on top of a wooden table,a red apple [and a bird] sitting on top of a wooden table
223000000008,a bowl of strawberries and blueberries on a striped tablecloth,a bowl of strawberries and blueberries [and a lemon] on a striped tablecloth
223000000009,a conference room,a conference room [with crowded people]
224000000000,a [dry] tree in the wild,a [blooming] tree in the wild
224000000001,a leopard walking on unsurfaced road,a leopard walking on unsurfaced road [with a rock on the ground]
224000000002,a dog lying on the grass,a dog lying on the grass [with flowers]
224000000003,a man sitting in the grass,a man sitting in the grass [with rocks]
224000000004,a beautiful garden,a beautiful garden [with balloons]
224000000005,Two tents in the desert,Two tents [and a cockroach] in the desert
224000000006,a beach with waves and a blue sky,a beach with waves and a blue sky [and surfer and sharks]
224000000007,clouds in the sky,clouds in the sky [with stars]
224000000008,the bridge is lit up at night with fog,the bridge is lit up at night with fog [and a boy is sitting on the bridge]
224000000009,a dark grassy hillside with snow covered mountains in the background,a dark grassy hillside with snow covered mountains in the background [and a goat eating grass]
311000000000,a wathet bird sitting on a branch [of yellow flowers],a wathet bird sitting on a branch
311000000001,a cat [wearing headphones] on a gray background,a cat on a gray background
311000000002,a lion in a suit sitting at a table [with a laptop],a lion in a suit sitting at a table
311000000003,a brownish grey knitted bunny [with three painted eggs],a brownish grey knitted bunny
311000000004,cartoon of a gray polar bear is standing on an iceberg [with a plane flying overhead],cartoon of a gray polar bear is standing on an iceberg
311000000005,a cute cartoon cat with a chef hat [and a pie],a cute cartoon cat with a chef hat
311000000006,a Ukiyo-e of seagull flying over the ocean waves [with sun rise],a Ukiyo-e of seagull flying over the ocean waves
311000000007,a rabbit sitting on a hill [with trees],a rabbit sitting on a hill
311000000008,a puppy is sitting in a field [of dandelions],a puppy is sitting in a field
311000000009,[two] white bears holding a rose,[one] white bears holding a rose
312000000000,a girl in red dress standing in a field [surrounded by balloons],a girl in red dress standing in a field
312000000001,a girl with a backpack and a red coat is standing [in front of castles],a girl with a backpack and a red coat is standing
312000000002,a cartoon character [with a backpack],a cartoon character
312000000003,a cartoon woman in a red cloak walking through the woods [with bat],a cartoon woman in a red cloak walking through the woods
312000000004,a cartoon girl sitting [by a campfire],a cartoon girl sitting
312000000005,a cartoon of woman is painting a pumpkin [with a cat],a cartoon of woman is painting a pumpkin
312000000006,a angel [with wings] standing on the beach at sunset,a angel [without wings] standing on the beach at sunset
312000000007,a cartoon boy standing on the edge of a cliff with his arms outstretched [with sun in the background],a cartoon boy standing on the edge of a cliff with his arms outstretched
312000000008,a young woman [in sunglasses] driving an old car,a young woman driving an old car
312000000009,a digital art boy with glasses [and tie] sitting on a laptop,a digital art boy with glasses sitting on a laptop
313000000000,a cartoon illustration of two plants [with faces],a cartoon illustration of two plants
313000000001,a woman is standing on a ladder [and fishing in a bulb] in gray dark blue background,a woman is standing on a ladder in gray dark blue background
313000000002,a birthday cupcake [with a lit candle on top],a birthday cupcake
313000000003,a row of colorful chairs [and tables] outside a restaurant,a row of colorful chairs outside a restaurant
313000000004,[a cat and] a plant,a plant
313000000005,a blue living room with a blue couch [and a blue painting],a blue living room with a blue couch
313000000006,a painting of [an orange chair and] a lamp in a living room,a painting of a lamp in a living room
313000000007,a bird in a cage [with a flower on top],a bird in a cage
313000000008,"a smoothie with fruits including strawberries, blueberries [and kiwi]","a smoothie with fruits including strawberries, blueberries"
313000000009,a teddy bear sitting on a box [with a rose],a teddy bear sitting on a box
314000000000,a house with [lightning and] rain on it,a house with rain on it
314000000001,a girl standing on the withered grass [with a red tree],a girl standing on the withered grass
314000000002,an astronaut standing on the water [with the moon in the background],an astronaut standing on the water
314000000003,two people walking in the rain [with umbrellas],two people walking in the rain
314000000004,a castle in the night [with a beautiful sunset],a castle in the night
314000000005,a painting of a house [by the water],a painting of a house
314000000006,a lone wolf howling [at the moon] in the night sky,a lone wolf howling in the night sky
314000000007,a painting of [a dog in] the forest,a painting of the forest
314000000008,a big ship [in a bottle] on the dark ocean,a big ship on the dark ocean
314000000009,a poster of [a bus driving down] a road with mountains in the background,a poster of a road with mountains in the background
321000000000,[a bee flies over] a flowering tree branch,a flowering tree branch
321000000001,[a butterfly and] flowers,flowers
321000000002,a cheetah walking across a [grassy] field,a cheetah walking across a field
321000000003,a kitten [playing with balls],a kitten
321000000004,an older man sitting on a bench [with a dog],an older man sitting on a bench
321000000005,[an elephant] walking on the beach with a dark sky,a beach under a dark sky
321000000006,[a seal pup on] the beach,the beach
321000000007,[a husky dog running on] a path in the woods,a path in the woods
321000000008,a girl [and a dog] sitting in the forest,a girl sitting in the forest
321000000009,a mouse [and a leaf] on the ground,a mouse on the ground
322000000000,a woman in a trench coat sitting at a table [with a cell phone],a woman in a trench coat sitting at a table
322000000001,a beautiful young woman in a blue dress [holding pink flowers],a beautiful young woman in a blue dress
322000000002,a woman in a purple dress sitting on a swing [holding a coconut],a woman in a purple dress sitting on a swing
322000000003,a woman [with flowers on head] in a pink dress and red skirt is walking on the beach,a woman in a pink dress and red skirt is walking on the beach
322000000004,a woman [with glasses] sitting on a stone wall,a woman sitting on a stone wall
322000000005,a woman in sunglasses sitting at a table [with a bottles of water],a woman in sunglasses sitting at a table
322000000006,a woman [holding a rainbow flag],a woman
322000000007,a woman in a wedding dress sitting on a chair with [lamp and] flowers on the table,a woman in a wedding dress sitting on a chair with flowers on the table
322000000008,a woman [with a backpack] playing an acoustic guitar on the grass,a woman playing an acoustic guitar on the grass
322000000009,a woman in a traditional chinese dress [holding flowers],a woman in a traditional chinese dress
323000000000,a cup of coffee on a table with [coffee beans and] a coffee grinder,a cup of coffee on a table with a coffee grinder
323000000001,raspberry macarons [with mint leaves],raspberry macarons
323000000002,olive oil being poured into a bowl [with olive] on table,olive oil being poured into a bowl on table
323000000003,[a pear sitting on] a wooden table,a wooden table
323000000004,a hand holding a stopwatch [with the words 2023 and a graph] in the background,a hand holding a stopwatch in the background
323000000005,[four] eggs with drawings on them are in a nest,[three] eggs with drawings on them are in a nest
323000000006,[two purple flowers are on] a sheet of music,a sheet of music
323000000007,a plate of chicken [and broccoli] on a black table,a plate of chicken on a black table
323000000008,"two cups of coffee [with a leaf design on the top], coffee beans","two cups of coffee, coffee beans"
323000000009,a basket of books [and a cup] on the table,a basket of books on the table
324000000000,[a single pink lotus flower is growing in the middle of] a large green leaf,a large green leaf
324000000001,a large brown sand area with [clouds on] the sky,a large brown sand area with the sky
324000000002,[a paraglider is flying over] a mountain with snow capped peaks,a mountain with snow capped peaks
324000000003,[a small mushroom is sitting on top of] a pine branch,a pine branch
324000000004,[rainbow over] the ocean,the ocean
324000000005,a lone tree is reflected in the water at night [with a bright moon],a lone tree is reflected in the water at night
324000000006,[seagull sits on] a wooden dock at sunset,a wooden dock at sunset
324000000007,a barn sits in the snow [next to trees] with gray sky,a barn sits in the snow with gray sky
324000000008,[two boats are docked on the shore of] a lake,a lake
324000000009,[a church in] the countryside with a fence and trees,the countryside with a fence and trees
411000000000,a cartoon painting of a fox with [big] eyes in a car,a cartoon painting of a fox with [small] eyes in a car
411000000001,a colorful parrot with its wings [spread out],a colorful parrot with its wings [fold in]
411000000002,a cartoon rabbit with a blue [scarf],a cartoon rabbit with a blue [cloak]
411000000003,a beautiful white [furry wolf],a beautiful white [bald wolf]
411000000004,painting of a [shepherd dog] sitting in a laundry room next to a washing machine,painting of a [poodle dog] sitting in a laundry room next to a washing machine
412000000000,a woman with [long hair] sitting in the sand at sunset,a woman with [short hair] sitting in the sand at sunset
412000000001,a painting of a woman with [colorful paint] on her face,a painting of a woman with [drab paint] on her face
412000000002,a digital art woman with [curly hair] standing in front of buildings,a digital art woman with [straight hair] standing in front of buildings
412000000003,a [silhouette image of a man] walking up a staircase in the clouds,a [clear image of a man] walking up a staircase in the clouds
412000000004,a detailed oil painting of a [calm] beautiful woman with stars in her hair,a detailed oil painting of a [laughing] beautiful woman with stars in her hair
413000000000,chocolate chip cookies and milk in a glass,chocolate chip cookies and [half-cup] milk in a glass
413000000001,a drawing of a [long plant] in a pot with fleshcolor background,a drawing of a [short plant] in a pot with fleshcolor background
413000000002,couple in a blanket on the couch with a [burning fire],couple in a blanket on the couch with a [extinguished fire]
413000000003,[christmas cookies] in a box and a cup of tea,[wedding cookies] in a box and a cup of tea
413000000004,a [prehistoric old piano] surrounded by plants,a [brand new piano] surrounded by plants
414000000000,a cave with trees and [sparkling] river in the background,a cave with trees and [blood] river in the background
414000000001,poppies in the [clear night sky],poppies in the [cloudy night sky]
414000000002,an asteroid is flying through space with blue and green [reticular] lights,an asteroid is flying through space with blue and green [spark] lights
414000000003,the village at [night],the village at [daytime]
414000000004,a painting of [huge mushrooms],a painting of [small mushrooms]
421000000000,a [white] dog lying on grass,a [leopard] dog lying on grass
421000000001,a panda bear [close his mouth],a panda bear [open his mouth]
421000000002,a [white horse] running in the dirt,a [white unicorn] running in the dirt
421000000003,a [long haired cat] looking up at something,a [short haired cat] looking up at something
421000000004,a close up of a rabbit with [brown and white markings],a close up of a rabbit with [brown and white spots]
422000000000,a man wearing a tie,a man wearing a [black and yellow stripes] tie 
422000000001,a woman with [long curly hair],a woman with [short curly hair]
422000000002,a woman in white holding flowers with [eyes looking down],a woman in white holding flowers with [eyes looking forward]
422000000003,"a young boy is playing with water in the street, [laughing happily]","a young boy is playing with water in the street, [crying sadly]"
422000000004,a [serious] man,a [angry] man
423000000000,a [plaid] carpet,a [floral] carpet
423000000001,a person holding a [mug] of hot chocolate and reading a book,a person holding a [glass] of hot chocolate and reading a book
423000000002,a [round] shape cake with orange frosting on a wooden plate,a [star] shape cake with orange frosting on a wooden plate
423000000003,"a [clean] bedroom with a bed, chair and window","a [mussy] bedroom with a bed, chair and window"
423000000004,a [empty] table and chairs in front of a window,a [cluttered] table and chairs in front of a window
424000000000,the [dimly] illuminated earth,the [sunlit] illuminated earth
424000000001,[peaceful] sea,[rough] sea
424000000002,a [white car] driving down a road with blurred buildings in the background,a [stripe car] driving down a road with blurred buildings in the background
424000000003,the sun is setting [over] the ocean and waves,the sun is setting [underneath] the ocean and waves
424000000004,[blooming] rose in garden,[dried] rose in garden
511000000000,a cartoon dog [laying down on] the ground,a cartoon dog [jumping up from] the ground
511000000001,a [standing] pixel robot dog,a [sitting] pixel robot dog
511000000002,a light brown bear [sitting] on the ground,a light brown bear [stand] on the ground
511000000003,a colorful hummingbird with [wings spread],a colorful hummingbird with [wings folded]
511000000004,panda bear [sitting] on the ground holding a heart,panda bear [standing] on the ground holding a heart
512000000000,a woman in a green body suit with leaves on her body [lift her arms up],a woman in a green body suit with leaves on her body [put her arms down]
512000000001,a woman in a hat and dress [walking] down a path at sunset,a woman in a hat and dress [running] down a path at sunset
512000000002,a woman is [hugging] a horse,a woman is [fondling] a horse
512000000003,a girl walking [away the camera] in a road with trees in the background,a girl walking [towards the camera] in a road with trees in the background
512000000004,graduation girl [hands up] with confetti in background,graduation girl [hands down] with confetti in background
513000000000,a chair positioned [facing] a table in a room illuminated by a window,a chair positioned [backwards] a table in a room illuminated by a window
513000000001,a glass jar with a lid [closed],a glass jar with a lid [opened]
513000000002,a bathroom with a wooden wall and a toilet and a painting,a bathroom with a wooden wall and a toilet and a [upside down] painting
513000000003,coffee cups arranged around on a table that looks like [9] o'clock,coffee cups arranged around on a table that looks like [6] o'clock
513000000004,"an office desk with a computer, a phone, and a pair of [high-heeled shoes]","an office desk with a computer, a phone, and a pair of [flat shoes]"
514000000000,a pirate ship is in the middle of a stormy ocean,a pirate ship is in the middle of a stormy ocean [close-up shot]
514000000001,a full moon over the beach at night,a full moon [high] over the beach at night
514000000002,"anime, the garden, pink, flowers, trees, path","anime, the garden, pink, flowers, trees, [curving] path"
514000000003,a [small] house in the night,a [twisted] house in the night
514000000004,vector illustration of a lake with trees and mountains,vector illustration of a lake with trees and mountains [overhead shot]
521000000000,a dog standing on the grass [looking at left side],a dog standing on the grass [looking at the camera]
521000000001,a greyhound [running] through the grass,a greyhound [jumping] through the grass
521000000002,fallow deer with head [turning back],fallow deer with head [facing forwards]
521000000003,a fox is walking in the snow,a fox is walking in the snow [with head down]
521000000004,a pigeon is [sitting] on the ground in the sand,a pigeon is [standing] on the ground in the sand
522000000000,a man with black shirt and [hands down],a man with black shirt and [crossed arms]
522000000001,a young girl in traditional clothing making bread,a young girl in traditional clothing making bread [looking at the camera]
522000000002,a young boy standing in the dirt with a jacket on,a young boy standing in the dirt with a jacket on [and hands up]
522000000003,a woman in a purple dress posing on a gazebo,a woman in a purple dress posing on a gazebo [withs arms cross]
522000000004,a woman in shorts and a fleshcolor shirt standing in an old building,a woman in shorts and a fleshcolor shirt standing in an old building [looking at right side]
523000000000,a margarita with lime and salt on a wooden tray,a margarita with lime and salt on a wooden tray [aerial photography]
523000000001,a red pepper [on] a towel,a red pepper [under] a towel
523000000002,a margarita in a glass with lime slices [putted in the right],a margarita in a glass with lime slices [putted in the left]
523000000003,a [square] wooden crate filled with radishes and greens,a [round] wooden crate filled with radishes and greens
523000000004,an [upright] old camera on a wooden table,an [flatwise] old camera on a wooden table
524000000000,a [ragged edge] cave with a view,a [smooth edge] cave with a view
524000000001,a [lone] tree stands in a field at sunrise,a [fallen] tree stands in a field at sunrise
524000000002,a group of animals in the desert with a [dead] tree,a group of animals in the desert with a [blooming] tree
524000000003,white flowers are [growing] in the grass,white flowers are [fade] in the grass
524000000004,easter bag with easter eggs and flowers,easter bag [upside down] with easter eggs and flowers
611000000000,a [black] raven sits on a tree stump in the rain,a [white] raven sits on a tree stump in the rain
611000000001,otter in the water with [pink] hearts,otter in the water with [green] hearts
611000000002,a [brown] bear is sleeping with a sign that says no sleep,a [black] bear is sleeping with a sign that says no sleep
611000000003,a watercolor painting of a [white] bunny in a cup of flowers,a watercolor painting of a [pink] bunny in a cup of flowers
611000000004,a [white] mouse with a wand and a star,a [purple] mouse with a wand and a star
612000000000,a [black and white] drawing of a woman with long hair,a [colorful and detailed] drawing of a woman with long hair
612000000001,a woman wearing a [red] hat and a red dress,a woman wearing a [green] hat and a red dress
612000000002,a woman in a hat and black dress is standing in front of an [orange] circle,a woman in a hat and black dress is standing in front of an [cyan] circle
612000000003,a girl with a [pink] umbrella in the rain,a girl with a [yellow] umbrella in the rain
612000000004,watercolor painting of a woman with [red] lipstick wearing flowers in her hair,watercolor painting of a woman with [purple] lipstick wearing flowers in her hair
613000000000,a painting of [red] flowers in a vase with shells,a painting of [blue] flowers in a vase with shells
613000000001,a [red] curtain is hanging over a stone wall,a [yellow] curtain is hanging over a stone wall
613000000002,"easter eggs, candle, basket, [dark] background","easter eggs, candle, basket, [bright] background"
613000000003,a plant hanging in front of a [white] wall,a plant hanging in front of a [red] wall
613000000004,a painting of [purple] lilas in a vase,a painting of [orange] lilas in a vase
614000000000,a [white] seagull flying over the ocean waves,a [red] seagull flying over the ocean waves
614000000001,[red] roses are in a vase with a blurred background,[purple] roses are in a vase with a blurred background
614000000002,a stack of [black] rocks and a ball in the water,a stack of [white] rocks and a ball in the water
614000000003,a park bench and [red] trees in a flat style,a park bench and [pink] trees in a flat style
614000000004,santa and a [white] christmas tree,santa and a [green] christmas tree
621000000000,a small [white] lamb standing in the grass,a small [blue] lamb standing in the grass
621000000001,a [black and white] french bulldog sitting on a blanket,a [blue and red] french bulldog sitting on a blanket
621000000002,a [black] bird with a yellow beak and yellow feet,a [green] bird with a yellow beak and yellow feet
621000000003,a [green] lizard is sitting on a branch,a [brown] lizard is sitting on a branch
621000000004,a [white] kitten sitting on a leopard print blanket,a [yellow] kitten sitting on a leopard print blanket
622000000000,A [white] shirt,A [yellow] shirt
622000000001,a woman in a [white] dress sitting on a chair with flowers,a woman in a [red] dress sitting on a chair with flowers
622000000002,a man in a [white] shirt talking on a cell phone,a man in a [blue] shirt talking on a cell phone
622000000003,a beautiful woman wearing a [black] veil,a beautiful woman wearing a [golden] veil
622000000004,a woman with [black] hair and red lipstick holding a flower,a woman with [silver] hair and red lipstick holding a flower
623000000000,[brown] tea cup and a book,[white] tea cup and a book
623000000001,[blue] lavender in a blue and white vase,[purple] lavender in a blue and white vase
623000000002,a [red] lipstick is being splashed with red powder,a [green] lipstick is being splashed with red powder
623000000003,mockup of a wooden frame with a red rose on a [white] marble background,mockup of a wooden frame with a red rose on a [silver] marble background
623000000004,a bowl of [green] tea icecream with a spoon,a bowl of [red] tea icecream with a spoon
624000000000,a bee was standing on the [yellow] sunflower,a bee was standing on the [green] sunflower
624000000001,[blue] butterflies and mushrooms in the forest at night,[green] butterflies and mushrooms in the forest at night
624000000002,snow covered trees in a field near a river with [blue] sky,snow covered trees in a field near a river with [gray] sky
624000000003,a [brwon] cabin in the snow near a lake,a [golden] cabin in the snow near a lake
624000000004,a narrow street with [yellow] buildings and a bike,a narrow street with [reseda] buildings and a bike
711000000000,a drawing of a brown bear sitting down,a drawing of a [knitted] brown bear [toy] sitting down
711000000001,a colorful bird sitting on a branch with a green background,a colorful [wooden] bird sitting on a branch with a green background
711000000002,a blue butterfly with sparkles on its wings,a blue [plastic] butterfly with sparkles on its wings
711000000003,a deer with large antlers in low polygonal style,a [iron] deer [sculpture] with large antlers in low polygonal style
711000000004,a kitten,a kitten [sculpture]
712000000000,a woman in a kimono sitting on a rock,a [chintzy] woman [doll] in a kimono sitting on a rock
712000000001,a drawing of a young man with blue eyes,a drawing of a young [robot] with blue eyes
712000000002,a woman in a kimono standing in a river,a [golden] woman [sculpture] in a kimono standing in a river
712000000003,two boys in the water with sticks and buckets,two [wooden] boys [puppet] in the water with sticks and buckets
712000000004,a cartoon couple standing on the beach,a cartoon [garage kits] couple standing on the beach
713000000000,a sketch of a kitchen and dining area with two chairs,a sketch of a kitchen and dining area with two [plastic] chairs
713000000001,illustration of a cup and a lamp on a table by a window,illustration of a cup and a [crystal] lamp on a table by a window
713000000002,a modern living room with black sofa and a black wall,a modern living room with black [ferruginous] sofa and a black wall
713000000003,a couch with a green curtain and a window,a [cottony] couch with a green curtain and a window
713000000004,"a cartoon kitchen with a stove, sink and cabinets","a cartoon kitchen with a stove, sink and [wooden] cabinets"
714000000000,a close up of a red leaf on a plant,a close up of a red leaf [made of jewels] on a plant
714000000001,a house in the fog with a path leading to it,a [stone] house in the fog with a path leading to it
714000000002,a lantern in the forest with trees and lights,a [wool] lantern in the forest with trees and lights
714000000003,the crescent moon and stars are seen in the night sky,the [golden] crescent moon and stars are seen in the night sky
714000000004,[easter] eggs in a basket on the grass,[coppery] eggs in a basket on the grass
721000000000,a photo of a horse in the field,a photo of a [bronze] horse in the field
721000000001,a robin is perched on a branch in the snow,a [silver] robin [sculpture] is perched on a branch in the snow
721000000002,a ladybug with black spots on its back is sitting on a leaf,a [fabric] ladybug with black spots on its back is sitting on a leaf
721000000003,a yound lion,a [gridline constructed] yound lion
721000000004,a white cat with blue eyes sitting on a rock,a white cat [made of gem] with blue eyes sitting on a rock
722000000000,a man wearing a [shirt],a man wearing a [sweater]
722000000001,a [man] sitting in a room,a [sculpture] sitting in a room
722000000002,a woman in a black tank top and pink shorts is about to hit a tennis ball,a [iron] woman [robot] in a black tank top and pink shorts is about to hit a tennis ball
722000000003,a woman in a black bikini top and yoga pants is meditating,a [wax statue of] woman in a black bikini top and yoga pants is meditating
722000000004,a woman in a red gown,a woman in a red [crystal] gown
723000000000,a [office] chair,a [straw] chair
723000000001,tomatoes in a bowl on a table,tomatoes in a [plastic] bowl on a table
723000000002,a coffee cup with musical notes and a christmas tree,a [chinese ceramic] coffee cup with musical notes and a christmas tree
723000000003,a [chocolate] cake with candies on top,a [icecream] cake with candies on top
723000000004,"vintage camera, polaroid, travel, travel photography","vintage [wooden toy] camera, polaroid, travel, travel photography"
724000000000,snowdrops in the garden,[plastic] snowdrops in the garden
724000000001,a park with trees with pink [flowers],a park with trees with pink [sugars]
724000000002,the 2020 honda hrx is driving down the road,the 2020 honda hrx is driving down the road [full of flowers]
724000000003,a single rose in front of an orange wall,a single [dried] rose in front of an orange wall
724000000004,a plant against a wall,a plant [made of crepe paper] against a wall
811000000000,a little carton sheep in a [white] background,a little carton sheep in a [forest] background
811000000001,watercolor painting of a deer with flowers on its head standing in [white] background,watercolor painting of a deer with flowers on its head standing in [dark] background
811000000002,a cartoon drawing of a rabbit on [mud],a cartoon drawing of a rabbit on [grass]
811000000003,a digital painting of a cat with big eyes in front of [yellow] background,a digital painting of a cat with big eyes in front of [blue] background
811000000004,the lion head is on a [black] background,the lion head is on a [red] background
811000000005,an illustration of an owl sitting [on a branch],an illustration of an owl sitting [in a cave]
811000000006,a bird is standing on a [green] background,a bird is standing on a [rocky] background
811000000007,a colorful cat with splashes of paint on its head,a colorful cat with splashes of paint on its head [with a blue background]
811000000008,a black bird sits on a branch [in the snow],a black bird sits on a branch [in the rain]
811000000009,a cartoon dog wearing sunglasses [in a yellow background],a cartoon dog wearing sunglasses [in a red background]
812000000000,a man in a white shirt standing in front of [trees],a man in a white shirt standing in front of [mountains]
812000000001,a painting of a woman in red dress [with gray background],a painting of a woman in red dress [with army background]
812000000002,a cartoon girl in a hat and dress,a cartoon girl in a hat and dress [standing in front of a beautiful house]
812000000003,a man is sitting at a desk,a man is sitting at a desk [in a chaotic office]
812000000004,an angel with wings standing [in a field],an angel with wings standing [in a river]
812000000005,a woman in a witch costume with a hat [in black forest],a woman in a witch costume with a hat [in wizard house]
812000000006,illustration of a woman meditating in a yoga pose,illustration of a woman meditating in a yoga pose [in the sky with stars]
812000000007,man walking in [dark] tunnel with light at end,man walking in [bright] tunnel with light at end
812000000008,a woman in a white suit is riding a street lamp [in the space],a woman in a white suit is riding a street lamp [over the desert]
812000000009,a watercolor painting of a couple holding hands,a watercolor painting of a couple holding hands [in the field]
813000000000,popcorn and a cup of hot chocolate in front of [fireplace],popcorn and a cup of hot chocolate in front of [garden]
813000000001,a desk with a lamp and books on it and [fire] in the background,a desk with a lamp and books on it and [lanterns] in the background
813000000002,luxury bedroom interior [with marble wall],luxury bedroom interior [with flower wall]
813000000003,a couch with studded arms and a gold frame with a [brown] background,a couch with studded arms and a gold frame with a [red] background
813000000004,a chair sits in front of a wall with a [floral pattern],a chair sits in front of a wall with a [spot pattern]
813000000005,a pot and a jar sitting on a counter [in a room],a pot and a jar sitting on a counter [in a garden]
813000000006,a white couch in front of a [painting],a white couch in front of a [photo]
813000000007,a potted plant sits on a wooden table in front of the [mottled walls],a potted plant sits on a wooden table in front of the [marble walls]
813000000008,a bedroom with a window looking out onto the [beach],a bedroom with a window looking out onto the [garden]
813000000009,a small table with a bowl of fruit on it [in a room],a small table with a bowl of fruit on it [in a forest]
814000000000,a ship on the the [calm sea] with milky way galaxy,a ship on the the [surfy sea] with milky way galaxy
814000000001,a person sitting on a mountain [with a starry sky above],a person sitting on a mountain [with monsters and dragons above]
814000000002,sunset over mountains with a [pink] sky,sunset over mountains with a [blue] sky
814000000003,a man walking [in the woods] at night,a man walking [in the city] at night
814000000004,a painting of [planets and stars] in the sky,a painting of [cats and dogs] in the sky
814000000005,the taj mahal is a beautiful building in india,the taj mahal is a beautiful building in india [with a blue background]
814000000006,the great wave off kanagawa,the great wave off kanagawa [with a yellow background]
814000000007,a painting of [sun] rising above the sea level,a painting of [moon] rising above the sea level
814000000008,a blue and green illustration of a house in a [hill],a blue and green illustration of a house in a [sea]
814000000009,a man and woman standing on a pier looking at the [stars in the sky],a man and woman standing on a pier looking at the [polar light in sky]
821000000000,a barn owl with a black eye and spots [in a white background],a barn owl with a black eye and spots [in a red background]
821000000001,a crow standing on the [snow],a crow standing on the [grass]
821000000002,a seagull flying over the water with [a blue sky],a seagull flying over the water with [a rainy sky]
821000000003,a red bird sits on a branch in front of a [red] background,a red bird sits on a branch in front of a [purple] background
821000000004,a tiger is roaring with its mouth open [in a mountain],a tiger is roaring with its mouth open [in a zoo]
821000000005,a fox is sitting [in the snow],a fox is sitting [in the bed]
821000000006,a kingfisher is stretching its wings [on a branch],a kingfisher is stretching its wings [on a rock]
821000000007,a duck standing on a rock [by the water],a duck standing on a rock [by the grass]
821000000008,a brown dog with a collar on is looking at the camera [on the grass],a brown dog with a collar on is looking at the camera [in the water]
821000000009,an orange cat laying [on the ground],an orange cat laying [in the cattery]
822000000000,a beautiful young woman with [clean] background,a beautiful young woman with [blue] background
822000000001,a beautiful woman with an arrow in her hand,a beautiful woman with an arrow in her hand [with fire in the background]
822000000002,a woman with her arms outstretched [on top of a mountain],a woman with her arms outstretched [in front of the NewYork]
822000000003,a woman in a scarf and coat walking down a [cobblestone street],a woman in a scarf and coat walking down a [thick forest]
822000000004,a girl in a purple dress holding a bouquet of flowers,a girl in a purple dress holding a bouquet of flowers [on the beach]
822000000005,a bride standing [on a mountain],a bride standing [in a garden]
822000000006,a woman in a dress holding an umbrella with [trees] in the background,a woman in a dress holding an umbrella with [elves] in the background
822000000007,a woman in a black dress and hat stands in front of [a large wall],a woman in a black dress and hat stands in front of [a large park]
822000000008,a woman sitting [in the desert],a woman sitting [in the flowers]
822000000009,a woman wearing a hat and gloves is walking on [a snow covered path],a woman wearing a hat and gloves is walking on [a leaves covered path]
823000000000,"grapefruit candle, glass vase and incense sticks [in pink background]","grapefruit candle, glass vase and incense sticks [in green background]"
823000000001,italian food ingredients [on a wooden table],italian food ingredients [on a picnic blanket]
823000000002,a row of red apples with one cut in half [on table],a row of red apples with one cut in half [on grass]
823000000003,"a notebook, pencil, and camera [on a map]","a notebook, pencil, and camera [on a carpet]"
823000000004,two empty wine glasses sitting on a [white table],two empty wine glasses sitting on a [black blanket]
823000000005,"pine cones, fir cones, and other decorations [on a table]","pine cones, fir cones, and other decorations [on white background]"
823000000006,a wooden rocking horse in [room],a wooden rocking horse in [garden]
823000000007,a chair with a book on a table,a chair with a book on a table [in a blue background]
823000000008,a couch with pillows sitting in front of a [wall],a couch with pillows sitting in front of a [forest]
823000000009,a vase with flowers on a table,a vase with flowers on a table [with a clean background]
824000000000,a man sitting on a rock with [trees] in the background,a man sitting on a rock with [a city] in the background
824000000001,a chair in front of [mountains],a chair in front of [sea]
824000000002,the palace of the emperor in vienna [in a sunny day],the palace of the emperor in vienna [in a cloudy day]
824000000003,girl sitting in the [ruins] by james mccormick,girl sitting in the [beach] by james mccormick
824000000004,an older couple walking down [a narrow dirt road],an older couple walking down [a snow coverd road]
824000000005,the tv tower in berlin under [sky],the tv tower in berlin under [galaxy]
824000000006,a beach with waves and clouds [at a sunny day],a beach with waves and clouds [at a foggy day]
824000000007,a man is walking through [a rice field],a man is walking through [a wonder land]
824000000008,a field with [mountains] in the background,a field with [cities] in the background
824000000009,a small mushroom is sitting on top of [moss],a small mushroom is sitting on top of [rocks]
911000000000,a cat and a bunny,[a photo of] a cat and a bunny
911000000001,a bird standing on tree branch,[a real photo of] a bird standing on tree branch
911000000002,a colorful cat with bubbles and stars on it,[kids crayon drawing of] a colorful cat with bubbles and stars on it
911000000003,the wolf is wearing armor and has a crown on his head,[a wall mural of] the wolf is wearing armor and has a crown on his head
911000000004,an arctic fox in the night sky,[an oil painting of] an arctic fox in the night sky
911000000005,[a watercolor painting of] a tiger,[a digital art of] a tiger
911000000006,[a watercolor illustration of] a chicken on a white background,[an anime illustration of] a chicken on a white background
911000000007,a [cartoon] giraffe sitting down on a white background,a [watercolor] giraffe sitting down on a white background
911000000008,a teddy bear wearing glasses and a shirt with flowers,[a brush painting of] a teddy bear wearing glasses and a shirt with flowers
911000000009,a cute little bunny wearing a coat and hat,[a photo of] a cute little bunny wearing a coat and hat
912000000000,a woman with red paint splatters on her face,a [cartoon] woman with red paint splatters on her face
912000000001,a clown with colorful hair,a clown in [pixel art style] with colorful hair
912000000002,a woman in a hood holding a fire,[Chinese watercolor of] a woman in a hood holding a fire
912000000003,a man with a long beard and a long sword in the forest,[kids crayon drawing of] a man with a long beard and a long sword in the forest
912000000004,a woman in a green dress walking through an archway,[a wall mural of] a woman in a green dress walking through an archway
912000000005,a man in a hooded robe stands in the desert,[an oil painting of] a man in a hooded robe stands in the desert
912000000006,a girl with pink hair and bubbles floating around her,[a black and white sketch of] a girl with pink hair and bubbles floating around her
912000000007,a woman sitting in the cave with light coming from the light,[a pen and ink sketch of] a woman sitting in the cave with light coming from the light
912000000008,a woman with flowers in her hair,[a stained glass window of] a woman with flowers in her hair
912000000009,a woman with red hair and a red dress,a [cartoon] woman with red hair and a red dress
913000000000,a bird is perched on a branch with blue flowers,[an anime] bird is perched on a branch with blue flowers
913000000001,"retro living room with chair, lamp, bookshelf and table","[a digital art of] retro living room with chair, lamp, bookshelf and table"
913000000002,"christmas living room with fireplace, chair, wreath and tree","[a pixel art of] christmas living room with fireplace, chair, wreath and tree"
913000000003,a living room with a couch and a table,[a watercolor of] a living room with a couch and a table
913000000004,an empty room with wooden floors and a window,[Chinese watercolor of] an empty room with wooden floors and a window
913000000005,an empty room with a view of the beach,[black and white ink painting of] an empty room with a view of the beach
913000000006,"a desk with a laptop, a plant, and a mouse","[a brush painting of] a desk with a laptop, a plant, and a mouse"
913000000007,a room with a couch and a window looking out to the mountains,[a photo of] a room with a couch and a window looking out to the mountains
913000000008,a room with windows and potted plants,[an oil painting of] a room with windows and potted plants
913000000009,a living room with blue walls and a fireplace,[watercolor of] a living room with blue walls and a fireplace
914000000000,a house floating in the sky over a lake,[a digital art of] a house floating in the sky over a lake
914000000001,"the village in the game, the witcher 3","[watercolor of] the village in the game, the witcher 3"
914000000002,halloween night in the city,[realistic photo of] halloween night in the city
914000000003,the castle is in the middle of a river at sunset,[a digital art of] the castle is in the middle of a river at sunset
914000000004,a house by the water with flowers and trees,[watercolor of] a house by the water with flowers and trees
914000000005,sunset at the rock by james mccormick,[black and white ink painting of] sunset at the rock by james mccormick
914000000006,an anime painting of a house on a hill,[kids crayon drawing of] an anime painting of a house on a hill
914000000007,a man is walking down a street in the rain,[a black and white sketch of] a man is walking down a street in the rain
914000000008,the planet earth is seen in the distance with mountains and desert,[an oil painting of] the planet earth is seen in the distance with mountains and desert
914000000009,halloween witch flying over a witch house in the night,[a digital art of] halloween witch flying over a witch house in the night
921000000000,a cat is sitting on a table with a green eyes,[a sketch of] a cat is sitting on a table with a green eyes
921000000001,a rat is peeking out from behind a pink wall,[a digital art of] a rat is peeking out from behind a pink wall
921000000002,a kitten wearing armor sits on the ground,a [cartoon] kitten wearing armor sits on the ground
921000000003,a bernese mountain dog is sitting in the grass,[stained glass window of] a bernese mountain dog is sitting in the grass
921000000004,a white wolf with black eyes and a black nose,[pen and ink sketch of] a white wolf with black eyes and a black nose
921000000005,a cat with green eyes looking to the side,[an oil painting of] a cat with green eyes looking to the side
921000000006,a small bird is standing on the ground,[a wall mural of] a small bird is standing on the ground
921000000007,a gray cat is sitting on a black basket,[kids crayon drawing of] a gray cat is sitting on a black basket
921000000008,a white horse running in the field,[watercolor of] a white horse running in the field
921000000009,a cat is sitting in the grass with flowers,[a digital art of] a cat is sitting in the grass with flowers
922000000000,a woman in a blue dress leaning against a wall,[a pixel art of] a woman in a blue dress leaning against a wall
922000000001,two young children holding hands and standing in front of a wooden door,[stained glass window of] two young children holding hands and standing in front of a wooden door
922000000002,a little girl playing a musical instrument,[an oil painting of] a little girl playing a musical instrument
922000000003,a young boy with curly hair and blue shirt,[kids crayon drawing of] a young boy with curly hair and blue shirt
922000000004,a woman in white shorts and a white shirt is jumping in front of a pool,[kids drawing of] a woman in white shorts and a white shirt is jumping in front of a pool
922000000005,a woman dressed in a golden dress and holding an apple,[digital art of] a woman dressed in a golden dress and holding an apple
922000000006,a woman in white sitting on a bench with a hat,[cartoon of] a woman in white sitting on a bench with a hat
922000000007,a little girl sleeping in bed with a stuffed animal,[an oil painting of] a little girl sleeping in bed with a stuffed animal
922000000008,a woman in sunglasses and leather pants sitting on a bench,[watercolor of] a woman in sunglasses and leather pants sitting on a bench
922000000009,a young girl with painted hands and face,[black and white sketch of] a young girl with painted hands and face
923000000000,a white shelf with books and a wooden bookcase,[pixel art of] a white shelf with books and a wooden bookcase
923000000001,a bed with a quilt on it and a chair,[brush painting of] a bed with a quilt on it and a chair
923000000002,a dining room with red walls and hardwood floors,[oil painting of] a dining room with red walls and hardwood floors
923000000003,a modern chair and table in a lobby area,[wall mural of] a modern chair and table in a lobby area
923000000004,a chair and table in front of a window overlooking a castle,[anime of] a chair and table in front of a window overlooking a castle
923000000005,a modern bedroom with a bed and a painting on the wall,[pen and ink sketch of] a modern bedroom with a bed and a painting on the wall
923000000006,a table with two chairs and a bonsai tree,[stained glass window of] a table with two chairs and a bonsai tree
923000000007,a white desk with a laptop and chair,[chinese painting of] a white desk with a laptop and chair
923000000008,a gray couch and a lamp sitting on a wooden floor,[digital art of] a gray couch and a lamp sitting on a wooden floor
923000000009,a chair and a clock on a white wall,[watercolor of] a chair and a clock on a white wall
924000000000,a large wave crashing on the beach with a cloudy sky,[Chinese watercolor of] a large wave crashing on the beach with a cloudy sky
924000000001,a lake with mountains in the background,[oil painting of] a lake with mountains in the background
924000000002,a lake with mountains in the background,[cartoon of] a lake with mountains in the background
924000000003,wind turbine in the sunset,[pen and ink sketch of] wind turbine in the sunset
924000000004,a white church sits on a hill in a field,[stained glass window of] a white church sits on a hill in a field
924000000005,dolomites,[digital art of] dolomites
924000000006,a picnic table with a bottle of wine and fruit on it,[watercolor of] a picnic table with a bottle of wine and fruit on it
924000000007,winter in lofoten by johan hansen,[digital art of] winter in lofoten by johan hansen
924000000008,boats in the water on a sunny day,[wall mural of] boats in the water on a sunny day
924000000009,a sports car driving down the street,[stained glass window of] a sports car driving down the street
