sample_id,source_image_path
000000000000,/shared/ssd_30T/mirick/datasets/PIE-Bench_v1/annotation_images/0_random_140/000000000000.jpg
000000000001,/shared/ssd_30T/mirick/datasets/PIE-Bench_v1/annotation_images/0_random_140/000000000001.jpg
000000000002,/shared/ssd_30T/mirick/datasets/PIE-Bench_v1/annotation_images/0_random_140/000000000002.jpg
000000000003,/shared/ssd_30T/mirick/datasets/PIE-Bench_v1/annotation_images/0_random_140/000000000003.jpg
000000000004,/shared/ssd_30T/mirick/datasets/PIE-Bench_v1/annotation_images/0_random_140/000000000004.jpg
000000000005,/shared/ssd_30T/mirick/datasets/PIE-Bench_v1/annotation_images/0_random_140/000000000005.jpg
000000000006,/shared/ssd_30T/mirick/datasets/PIE-Bench_v1/annotation_images/0_random_140/000000000006.jpg
000000000007,/shared/ssd_30T/mirick/datasets/PIE-Bench_v1/annotation_images/0_random_140/000000000007.jpg
000000000008,/shared/ssd_30T/mirick/datasets/PIE-Bench_v1/annotation_images/0_random_140/000000000008.jpg
000000000009,/shared/ssd_30T/mirick/datasets/PIE-Bench_v1/annotation_images/0_random_140/000000000009.jpg
000000000010,/shared/ssd_30T/mirick/datasets/PIE-Bench_v1/annotation_images/0_random_140/000000000010.jpg
000000000011,/shared/ssd_30T/mirick/datasets/PIE-Bench_v1/annotation_images/0_random_140/000000000011.jpg
000000000012,/shared/ssd_30T/mirick/datasets/PIE-Bench_v1/annotation_images/0_random_140/000000000012.jpg
000000000013,/shared/ssd_30T/mirick/datasets/PIE-Bench_v1/annotation_images/0_random_140/000000000013.jpg
000000000014,/shared/ssd_30T/mirick/datasets/PIE-Bench_v1/annotation_images/0_random_140/000000000014.jpg
000000000015,/shared/ssd_30T/mirick/datasets/PIE-Bench_v1/annotation_images/0_random_140/000000000015.jpg
000000000016,/shared/ssd_30T/mirick/datasets/PIE-Bench_v1/annotation_images/0_random_140/000000000016.jpg
000000000017,/shared/ssd_30T/mirick/datasets/PIE-Bench_v1/annotation_images/0_random_140/000000000017.jpg
000000000018,/shared/ssd_30T/mirick/datasets/PIE-Bench_v1/annotation_images/0_random_140/000000000018.jpg
000000000019,/shared/ssd_30T/mirick/datasets/PIE-Bench_v1/annotation_images/0_random_140/000000000019.jpg
000000000020,/shared/ssd_30T/mirick/datasets/PIE-Bench_v1/annotation_images/0_random_140/000000000020.jpg
000000000021,/shared/ssd_30T/mirick/datasets/PIE-Bench_v1/annotation_images/0_random_140/000000000021.jpg
000000000022,/shared/ssd_30T/mirick/datasets/PIE-Bench_v1/annotation_images/0_random_140/000000000022.jpg
000000000023,/shared/ssd_30T/mirick/datasets/PIE-Bench_v1/annotation_images/0_random_140/000000000023.jpg
000000000024,/shared/ssd_30T/mirick/datasets/PIE-Bench_v1/annotation_images/0_random_140/000000000024.jpg
000000000025,/shared/ssd_30T/mirick/datasets/PIE-Bench_v1/annotation_images/0_random_140/000000000025.jpg
000000000026,/shared/ssd_30T/mirick/datasets/PIE-Bench_v1/annotation_images/0_random_140/000000000026.jpg
000000000027,/shared/ssd_30T/mirick/datasets/PIE-Bench_v1/annotation_images/0_random_140/000000000027.jpg
000000000028,/shared/ssd_30T/mirick/datasets/PIE-Bench_v1/annotation_images/0_random_140/000000000028.jpg
000000000029,/shared/ssd_30T/mirick/datasets/PIE-Bench_v1/annotation_images/0_random_140/000000000029.jpg
000000000030,/shared/ssd_30T/mirick/datasets/PIE-Bench_v1/annotation_images/0_random_140/000000000030.jpg
000000000031,/shared/ssd_30T/mirick/datasets/PIE-Bench_v1/annotation_images/0_random_140/000000000031.jpg
000000000032,/shared/ssd_30T/mirick/datasets/PIE-Bench_v1/annotation_images/0_random_140/000000000032.jpg
000000000033,/shared/ssd_30T/mirick/datasets/PIE-Bench_v1/annotation_images/0_random_140/000000000033.jpg
000000000034,/shared/ssd_30T/mirick/datasets/PIE-Bench_v1/annotation_images/0_random_140/000000000034.jpg
000000000035,/shared/ssd_30T/mirick/datasets/PIE-Bench_v1/annotation_images/0_random_140/000000000035.jpg
000000000036,/shared/ssd_30T/mirick/datasets/PIE-Bench_v1/annotation_images/0_random_140/000000000036.jpg
000000000037,/shared/ssd_30T/mirick/datasets/PIE-Bench_v1/annotation_images/0_random_140/000000000037.jpg
000000000038,/shared/ssd_30T/mirick/datasets/PIE-Bench_v1/annotation_images/0_random_140/000000000038.jpg
000000000039,/shared/ssd_30T/mirick/datasets/PIE-Bench_v1/annotation_images/0_random_140/000000000039.jpg
000000000040,/shared/ssd_30T/mirick/datasets/PIE-Bench_v1/annotation_images/0_random_140/000000000040.jpg
000000000041,/shared/ssd_30T/mirick/datasets/PIE-Bench_v1/annotation_images/0_random_140/000000000041.jpg
000000000042,/shared/ssd_30T/mirick/datasets/PIE-Bench_v1/annotation_images/0_random_140/000000000042.jpg
000000000043,/shared/ssd_30T/mirick/datasets/PIE-Bench_v1/annotation_images/0_random_140/000000000043.jpg
000000000044,/shared/ssd_30T/mirick/datasets/PIE-Bench_v1/annotation_images/0_random_140/000000000044.jpg
000000000045,/shared/ssd_30T/mirick/datasets/PIE-Bench_v1/annotation_images/0_random_140/000000000045.jpg
000000000046,/shared/ssd_30T/mirick/datasets/PIE-Bench_v1/annotation_images/0_random_140/000000000046.jpg
000000000047,/shared/ssd_30T/mirick/datasets/PIE-Bench_v1/annotation_images/0_random_140/000000000047.jpg
000000000048,/shared/ssd_30T/mirick/datasets/PIE-Bench_v1/annotation_images/0_random_140/000000000048.jpg
000000000049,/shared/ssd_30T/mirick/datasets/PIE-Bench_v1/annotation_images/0_random_140/000000000049.jpg
000000000050,/shared/ssd_30T/mirick/datasets/PIE-Bench_v1/annotation_images/0_random_140/000000000050.jpg
000000000051,/shared/ssd_30T/mirick/datasets/PIE-Bench_v1/annotation_images/0_random_140/000000000051.jpg
000000000052,/shared/ssd_30T/mirick/datasets/PIE-Bench_v1/annotation_images/0_random_140/000000000052.jpg
000000000053,/shared/ssd_30T/mirick/datasets/PIE-Bench_v1/annotation_images/0_random_140/000000000053.jpg
000000000054,/shared/ssd_30T/mirick/datasets/PIE-Bench_v1/annotation_images/0_random_140/000000000054.jpg
000000000055,/shared/ssd_30T/mirick/datasets/PIE-Bench_v1/annotation_images/0_random_140/000000000055.jpg
000000000056,/shared/ssd_30T/mirick/datasets/PIE-Bench_v1/annotation_images/0_random_140/000000000056.jpg
000000000057,/shared/ssd_30T/mirick/datasets/PIE-Bench_v1/annotation_images/0_random_140/000000000057.jpg
000000000058,/shared/ssd_30T/mirick/datasets/PIE-Bench_v1/annotation_images/0_random_140/000000000058.jpg
000000000059,/shared/ssd_30T/mirick/datasets/PIE-Bench_v1/annotation_images/0_random_140/000000000059.jpg
000000000060,/shared/ssd_30T/mirick/datasets/PIE-Bench_v1/annotation_images/0_random_140/000000000060.jpg
000000000061,/shared/ssd_30T/mirick/datasets/PIE-Bench_v1/annotation_images/0_random_140/000000000061.jpg
000000000062,/shared/ssd_30T/mirick/datasets/PIE-Bench_v1/annotation_images/0_random_140/000000000062.jpg
000000000063,/shared/ssd_30T/mirick/datasets/PIE-Bench_v1/annotation_images/0_random_140/000000000063.jpg
000000000064,/shared/ssd_30T/mirick/datasets/PIE-Bench_v1/annotation_images/0_random_140/000000000064.jpg
000000000065,/shared/ssd_30T/mirick/datasets/PIE-Bench_v1/annotation_images/0_random_140/000000000065.jpg
000000000066,/shared/ssd_30T/mirick/datasets/PIE-Bench_v1/annotation_images/0_random_140/000000000066.jpg
000000000067,/shared/ssd_30T/mirick/datasets/PIE-Bench_v1/annotation_images/0_random_140/000000000067.jpg
000000000068,/shared/ssd_30T/mirick/datasets/PIE-Bench_v1/annotation_images/0_random_140/000000000068.jpg
000000000069,/shared/ssd_30T/mirick/datasets/PIE-Bench_v1/annotation_images/0_random_140/000000000069.jpg
000000000070,/shared/ssd_30T/mirick/datasets/PIE-Bench_v1/annotation_images/0_random_140/000000000070.jpg
000000000071,/shared/ssd_30T/mirick/datasets/PIE-Bench_v1/annotation_images/0_random_140/000000000071.jpg
000000000072,/shared/ssd_30T/mirick/datasets/PIE-Bench_v1/annotation_images/0_random_140/000000000072.jpg
000000000073,/shared/ssd_30T/mirick/datasets/PIE-Bench_v1/annotation_images/0_random_140/000000000073.jpg
000000000074,/shared/ssd_30T/mirick/datasets/PIE-Bench_v1/annotation_images/0_random_140/000000000074.jpg
000000000075,/shared/ssd_30T/mirick/datasets/PIE-Bench_v1/annotation_images/0_random_140/000000000075.jpg
000000000076,/shared/ssd_30T/mirick/datasets/PIE-Bench_v1/annotation_images/0_random_140/000000000076.jpg
000000000077,/shared/ssd_30T/mirick/datasets/PIE-Bench_v1/annotation_images/0_random_140/000000000077.jpg
000000000078,/shared/ssd_30T/mirick/datasets/PIE-Bench_v1/annotation_images/0_random_140/000000000078.jpg
000000000079,/shared/ssd_30T/mirick/datasets/PIE-Bench_v1/annotation_images/0_random_140/000000000079.jpg
000000000080,/shared/ssd_30T/mirick/datasets/PIE-Bench_v1/annotation_images/0_random_140/000000000080.jpg
000000000081,/shared/ssd_30T/mirick/datasets/PIE-Bench_v1/annotation_images/0_random_140/000000000081.jpg
000000000082,/shared/ssd_30T/mirick/datasets/PIE-Bench_v1/annotation_images/0_random_140/000000000082.jpg
000000000083,/shared/ssd_30T/mirick/datasets/PIE-Bench_v1/annotation_images/0_random_140/000000000083.jpg
000000000084,/shared/ssd_30T/mirick/datasets/PIE-Bench_v1/annotation_images/0_random_140/000000000084.jpg
000000000085,/shared/ssd_30T/mirick/datasets/PIE-Bench_v1/annotation_images/0_random_140/000000000085.jpg
000000000086,/shared/ssd_30T/mirick/datasets/PIE-Bench_v1/annotation_images/0_random_140/000000000086.jpg
000000000087,/shared/ssd_30T/mirick/datasets/PIE-Bench_v1/annotation_images/0_random_140/000000000087.jpg
000000000088,/shared/ssd_30T/mirick/datasets/PIE-Bench_v1/annotation_images/0_random_140/000000000088.jpg
000000000089,/shared/ssd_30T/mirick/datasets/PIE-Bench_v1/annotation_images/0_random_140/000000000089.jpg
000000000090,/shared/ssd_30T/mirick/datasets/PIE-Bench_v1/annotation_images/0_random_140/000000000090.jpg
000000000091,/shared/ssd_30T/mirick/datasets/PIE-Bench_v1/annotation_images/0_random_140/000000000091.jpg
000000000092,/shared/ssd_30T/mirick/datasets/PIE-Bench_v1/annotation_images/0_random_140/000000000092.jpg
000000000093,/shared/ssd_30T/mirick/datasets/PIE-Bench_v1/annotation_images/0_random_140/000000000093.jpg
000000000094,/shared/ssd_30T/mirick/datasets/PIE-Bench_v1/annotation_images/0_random_140/000000000094.jpg
000000000095,/shared/ssd_30T/mirick/datasets/PIE-Bench_v1/annotation_images/0_random_140/000000000095.jpg
000000000096,/shared/ssd_30T/mirick/datasets/PIE-Bench_v1/annotation_images/0_random_140/000000000096.jpg
000000000097,/shared/ssd_30T/mirick/datasets/PIE-Bench_v1/annotation_images/0_random_140/000000000097.jpg
000000000098,/shared/ssd_30T/mirick/datasets/PIE-Bench_v1/annotation_images/0_random_140/000000000098.jpg
000000000099,/shared/ssd_30T/mirick/datasets/PIE-Bench_v1/annotation_images/0_random_140/000000000099.jpg
000000000100,/shared/ssd_30T/mirick/datasets/PIE-Bench_v1/annotation_images/0_random_140/000000000100.jpg
000000000101,/shared/ssd_30T/mirick/datasets/PIE-Bench_v1/annotation_images/0_random_140/000000000101.jpg
000000000102,/shared/ssd_30T/mirick/datasets/PIE-Bench_v1/annotation_images/0_random_140/000000000102.jpg
000000000103,/shared/ssd_30T/mirick/datasets/PIE-Bench_v1/annotation_images/0_random_140/000000000103.jpg
000000000104,/shared/ssd_30T/mirick/datasets/PIE-Bench_v1/annotation_images/0_random_140/000000000104.jpg
000000000105,/shared/ssd_30T/mirick/datasets/PIE-Bench_v1/annotation_images/0_random_140/000000000105.jpg
000000000106,/shared/ssd_30T/mirick/datasets/PIE-Bench_v1/annotation_images/0_random_140/000000000106.jpg
000000000107,/shared/ssd_30T/mirick/datasets/PIE-Bench_v1/annotation_images/0_random_140/000000000107.jpg
000000000108,/shared/ssd_30T/mirick/datasets/PIE-Bench_v1/annotation_images/0_random_140/000000000108.jpg
000000000109,/shared/ssd_30T/mirick/datasets/PIE-Bench_v1/annotation_images/0_random_140/000000000109.jpg
000000000110,/shared/ssd_30T/mirick/datasets/PIE-Bench_v1/annotation_images/0_random_140/000000000110.jpg
000000000111,/shared/ssd_30T/mirick/datasets/PIE-Bench_v1/annotation_images/0_random_140/000000000111.jpg
000000000112,/shared/ssd_30T/mirick/datasets/PIE-Bench_v1/annotation_images/0_random_140/000000000112.jpg
000000000113,/shared/ssd_30T/mirick/datasets/PIE-Bench_v1/annotation_images/0_random_140/000000000113.jpg
000000000114,/shared/ssd_30T/mirick/datasets/PIE-Bench_v1/annotation_images/0_random_140/000000000114.jpg
000000000115,/shared/ssd_30T/mirick/datasets/PIE-Bench_v1/annotation_images/0_random_140/000000000115.jpg
000000000116,/shared/ssd_30T/mirick/datasets/PIE-Bench_v1/annotation_images/0_random_140/000000000116.jpg
000000000117,/shared/ssd_30T/mirick/datasets/PIE-Bench_v1/annotation_images/0_random_140/000000000117.jpg
000000000118,/shared/ssd_30T/mirick/datasets/PIE-Bench_v1/annotation_images/0_random_140/000000000118.jpg
000000000119,/shared/ssd_30T/mirick/datasets/PIE-Bench_v1/annotation_images/0_random_140/000000000119.jpg
000000000120,/shared/ssd_30T/mirick/datasets/PIE-Bench_v1/annotation_images/0_random_140/000000000120.jpg
000000000121,/shared/ssd_30T/mirick/datasets/PIE-Bench_v1/annotation_images/0_random_140/000000000121.jpg
000000000122,/shared/ssd_30T/mirick/datasets/PIE-Bench_v1/annotation_images/0_random_140/000000000122.jpg
000000000123,/shared/ssd_30T/mirick/datasets/PIE-Bench_v1/annotation_images/0_random_140/000000000123.jpg
000000000124,/shared/ssd_30T/mirick/datasets/PIE-Bench_v1/annotation_images/0_random_140/000000000124.jpg
000000000125,/shared/ssd_30T/mirick/datasets/PIE-Bench_v1/annotation_images/0_random_140/000000000125.jpg
000000000126,/shared/ssd_30T/mirick/datasets/PIE-Bench_v1/annotation_images/0_random_140/000000000126.jpg
000000000127,/shared/ssd_30T/mirick/datasets/PIE-Bench_v1/annotation_images/0_random_140/000000000127.jpg
000000000128,/shared/ssd_30T/mirick/datasets/PIE-Bench_v1/annotation_images/0_random_140/000000000128.jpg
000000000129,/shared/ssd_30T/mirick/datasets/PIE-Bench_v1/annotation_images/0_random_140/000000000129.jpg
000000000130,/shared/ssd_30T/mirick/datasets/PIE-Bench_v1/annotation_images/0_random_140/000000000130.jpg
000000000131,/shared/ssd_30T/mirick/datasets/PIE-Bench_v1/annotation_images/0_random_140/000000000131.jpg
000000000132,/shared/ssd_30T/mirick/datasets/PIE-Bench_v1/annotation_images/0_random_140/000000000132.jpg
000000000133,/shared/ssd_30T/mirick/datasets/PIE-Bench_v1/annotation_images/0_random_140/000000000133.jpg
000000000134,/shared/ssd_30T/mirick/datasets/PIE-Bench_v1/annotation_images/0_random_140/000000000134.jpg
000000000135,/shared/ssd_30T/mirick/datasets/PIE-Bench_v1/annotation_images/0_random_140/000000000135.jpg
000000000136,/shared/ssd_30T/mirick/datasets/PIE-Bench_v1/annotation_images/0_random_140/000000000136.jpg
000000000137,/shared/ssd_30T/mirick/datasets/PIE-Bench_v1/annotation_images/0_random_140/000000000137.jpg
000000000138,/shared/ssd_30T/mirick/datasets/PIE-Bench_v1/annotation_images/0_random_140/000000000138.jpg
000000000139,/shared/ssd_30T/mirick/datasets/PIE-Bench_v1/annotation_images/0_random_140/000000000139.jpg
111000000000,/shared/ssd_30T/mirick/datasets/PIE-Bench_v1/annotation_images/1_change_object_80/1_artificial/1_animal/111000000000.jpg
111000000001,/shared/ssd_30T/mirick/datasets/PIE-Bench_v1/annotation_images/1_change_object_80/1_artificial/1_animal/111000000001.jpg
111000000002,/shared/ssd_30T/mirick/datasets/PIE-Bench_v1/annotation_images/1_change_object_80/1_artificial/1_animal/111000000002.jpg
111000000003,/shared/ssd_30T/mirick/datasets/PIE-Bench_v1/annotation_images/1_change_object_80/1_artificial/1_animal/111000000003.jpg
111000000004,/shared/ssd_30T/mirick/datasets/PIE-Bench_v1/annotation_images/1_change_object_80/1_artificial/1_animal/111000000004.jpg
111000000005,/shared/ssd_30T/mirick/datasets/PIE-Bench_v1/annotation_images/1_change_object_80/1_artificial/1_animal/111000000005.jpg
111000000006,/shared/ssd_30T/mirick/datasets/PIE-Bench_v1/annotation_images/1_change_object_80/1_artificial/1_animal/111000000006.jpg
111000000007,/shared/ssd_30T/mirick/datasets/PIE-Bench_v1/annotation_images/1_change_object_80/1_artificial/1_animal/111000000007.jpg
111000000008,/shared/ssd_30T/mirick/datasets/PIE-Bench_v1/annotation_images/1_change_object_80/1_artificial/1_animal/111000000008.jpg
111000000009,/shared/ssd_30T/mirick/datasets/PIE-Bench_v1/annotation_images/1_change_object_80/1_artificial/1_animal/111000000009.jpg
112000000000,/shared/ssd_30T/mirick/datasets/PIE-Bench_v1/annotation_images/1_change_object_80/1_artificial/2_human/112000000000.jpg
112000000001,/shared/ssd_30T/mirick/datasets/PIE-Bench_v1/annotation_images/1_change_object_80/1_artificial/2_human/112000000001.jpg
112000000002,/shared/ssd_30T/mirick/datasets/PIE-Bench_v1/annotation_images/1_change_object_80/1_artificial/2_human/112000000002.jpg
112000000003,/shared/ssd_30T/mirick/datasets/PIE-Bench_v1/annotation_images/1_change_object_80/1_artificial/2_human/112000000003.jpg
112000000004,/shared/ssd_30T/mirick/datasets/PIE-Bench_v1/annotation_images/1_change_object_80/1_artificial/2_human/112000000004.jpg
112000000005,/shared/ssd_30T/mirick/datasets/PIE-Bench_v1/annotation_images/1_change_object_80/1_artificial/2_human/112000000005.jpg
112000000006,/shared/ssd_30T/mirick/datasets/PIE-Bench_v1/annotation_images/1_change_object_80/1_artificial/2_human/112000000006.jpg
112000000007,/shared/ssd_30T/mirick/datasets/PIE-Bench_v1/annotation_images/1_change_object_80/1_artificial/2_human/112000000007.jpg
112000000008,/shared/ssd_30T/mirick/datasets/PIE-Bench_v1/annotation_images/1_change_object_80/1_artificial/2_human/112000000008.jpg
112000000009,/shared/ssd_30T/mirick/datasets/PIE-Bench_v1/annotation_images/1_change_object_80/1_artificial/2_human/112000000009.jpg
113000000000,/shared/ssd_30T/mirick/datasets/PIE-Bench_v1/annotation_images/1_change_object_80/1_artificial/3_indoor/113000000000.jpg
113000000001,/shared/ssd_30T/mirick/datasets/PIE-Bench_v1/annotation_images/1_change_object_80/1_artificial/3_indoor/113000000001.jpg
113000000002,/shared/ssd_30T/mirick/datasets/PIE-Bench_v1/annotation_images/1_change_object_80/1_artificial/3_indoor/113000000002.jpg
113000000003,/shared/ssd_30T/mirick/datasets/PIE-Bench_v1/annotation_images/1_change_object_80/1_artificial/3_indoor/113000000003.jpg
113000000004,/shared/ssd_30T/mirick/datasets/PIE-Bench_v1/annotation_images/1_change_object_80/1_artificial/3_indoor/113000000004.jpg
113000000005,/shared/ssd_30T/mirick/datasets/PIE-Bench_v1/annotation_images/1_change_object_80/1_artificial/3_indoor/113000000005.jpg
113000000006,/shared/ssd_30T/mirick/datasets/PIE-Bench_v1/annotation_images/1_change_object_80/1_artificial/3_indoor/113000000006.jpg
113000000007,/shared/ssd_30T/mirick/datasets/PIE-Bench_v1/annotation_images/1_change_object_80/1_artificial/3_indoor/113000000007.jpg
113000000008,/shared/ssd_30T/mirick/datasets/PIE-Bench_v1/annotation_images/1_change_object_80/1_artificial/3_indoor/113000000008.jpg
113000000009,/shared/ssd_30T/mirick/datasets/PIE-Bench_v1/annotation_images/1_change_object_80/1_artificial/3_indoor/113000000009.jpg
114000000000,/shared/ssd_30T/mirick/datasets/PIE-Bench_v1/annotation_images/1_change_object_80/1_artificial/4_outdoor/114000000000.jpg
114000000001,/shared/ssd_30T/mirick/datasets/PIE-Bench_v1/annotation_images/1_change_object_80/1_artificial/4_outdoor/114000000001.jpg
114000000002,/shared/ssd_30T/mirick/datasets/PIE-Bench_v1/annotation_images/1_change_object_80/1_artificial/4_outdoor/114000000002.jpg
114000000003,/shared/ssd_30T/mirick/datasets/PIE-Bench_v1/annotation_images/1_change_object_80/1_artificial/4_outdoor/114000000003.jpg
114000000004,/shared/ssd_30T/mirick/datasets/PIE-Bench_v1/annotation_images/1_change_object_80/1_artificial/4_outdoor/114000000004.jpg
114000000005,/shared/ssd_30T/mirick/datasets/PIE-Bench_v1/annotation_images/1_change_object_80/1_artificial/4_outdoor/114000000005.jpg
114000000006,/shared/ssd_30T/mirick/datasets/PIE-Bench_v1/annotation_images/1_change_object_80/1_artificial/4_outdoor/114000000006.jpg
114000000007,/shared/ssd_30T/mirick/datasets/PIE-Bench_v1/annotation_images/1_change_object_80/1_artificial/4_outdoor/114000000007.jpg
114000000008,/shared/ssd_30T/mirick/datasets/PIE-Bench_v1/annotation_images/1_change_object_80/1_artificial/4_outdoor/114000000008.jpg
114000000009,/shared/ssd_30T/mirick/datasets/PIE-Bench_v1/annotation_images/1_change_object_80/1_artificial/4_outdoor/114000000009.jpg
121000000000,/shared/ssd_30T/mirick/datasets/PIE-Bench_v1/annotation_images/1_change_object_80/2_natural/1_animal/121000000000.jpg
121000000001,/shared/ssd_30T/mirick/datasets/PIE-Bench_v1/annotation_images/1_change_object_80/2_natural/1_animal/121000000001.jpg
121000000002,/shared/ssd_30T/mirick/datasets/PIE-Bench_v1/annotation_images/1_change_object_80/2_natural/1_animal/121000000002.jpg
121000000003,/shared/ssd_30T/mirick/datasets/PIE-Bench_v1/annotation_images/1_change_object_80/2_natural/1_animal/121000000003.jpg
121000000004,/shared/ssd_30T/mirick/datasets/PIE-Bench_v1/annotation_images/1_change_object_80/2_natural/1_animal/121000000004.jpg
121000000005,/shared/ssd_30T/mirick/datasets/PIE-Bench_v1/annotation_images/1_change_object_80/2_natural/1_animal/121000000005.jpg
121000000006,/shared/ssd_30T/mirick/datasets/PIE-Bench_v1/annotation_images/1_change_object_80/2_natural/1_animal/121000000006.jpg
121000000007,/shared/ssd_30T/mirick/datasets/PIE-Bench_v1/annotation_images/1_change_object_80/2_natural/1_animal/121000000007.jpg
121000000008,/shared/ssd_30T/mirick/datasets/PIE-Bench_v1/annotation_images/1_change_object_80/2_natural/1_animal/121000000008.jpg
121000000009,/shared/ssd_30T/mirick/datasets/PIE-Bench_v1/annotation_images/1_change_object_80/2_natural/1_animal/121000000009.jpg
122000000000,/shared/ssd_30T/mirick/datasets/PIE-Bench_v1/annotation_images/1_change_object_80/2_natural/2_human/122000000000.jpg
122000000001,/shared/ssd_30T/mirick/datasets/PIE-Bench_v1/annotation_images/1_change_object_80/2_natural/2_human/122000000001.jpg
122000000002,/shared/ssd_30T/mirick/datasets/PIE-Bench_v1/annotation_images/1_change_object_80/2_natural/2_human/122000000002.jpg
122000000003,/shared/ssd_30T/mirick/datasets/PIE-Bench_v1/annotation_images/1_change_object_80/2_natural/2_human/122000000003.jpg
122000000004,/shared/ssd_30T/mirick/datasets/PIE-Bench_v1/annotation_images/1_change_object_80/2_natural/2_human/122000000004.jpg
122000000005,/shared/ssd_30T/mirick/datasets/PIE-Bench_v1/annotation_images/1_change_object_80/2_natural/2_human/122000000005.jpg
122000000006,/shared/ssd_30T/mirick/datasets/PIE-Bench_v1/annotation_images/1_change_object_80/2_natural/2_human/122000000006.jpg
122000000007,/shared/ssd_30T/mirick/datasets/PIE-Bench_v1/annotation_images/1_change_object_80/2_natural/2_human/122000000007.jpg
122000000008,/shared/ssd_30T/mirick/datasets/PIE-Bench_v1/annotation_images/1_change_object_80/2_natural/2_human/122000000008.jpg
122000000009,/shared/ssd_30T/mirick/datasets/PIE-Bench_v1/annotation_images/1_change_object_80/2_natural/2_human/122000000009.jpg
123000000000,/shared/ssd_30T/mirick/datasets/PIE-Bench_v1/annotation_images/1_change_object_80/2_natural/3_indoor/123000000000.jpg
123000000001,/shared/ssd_30T/mirick/datasets/PIE-Bench_v1/annotation_images/1_change_object_80/2_natural/3_indoor/123000000001.jpg
123000000002,/shared/ssd_30T/mirick/datasets/PIE-Bench_v1/annotation_images/1_change_object_80/2_natural/3_indoor/123000000002.jpg
123000000003,/shared/ssd_30T/mirick/datasets/PIE-Bench_v1/annotation_images/1_change_object_80/2_natural/3_indoor/123000000003.jpg
123000000004,/shared/ssd_30T/mirick/datasets/PIE-Bench_v1/annotation_images/1_change_object_80/2_natural/3_indoor/123000000004.jpg
123000000005,/shared/ssd_30T/mirick/datasets/PIE-Bench_v1/annotation_images/1_change_object_80/2_natural/3_indoor/123000000005.jpg
123000000006,/shared/ssd_30T/mirick/datasets/PIE-Bench_v1/annotation_images/1_change_object_80/2_natural/3_indoor/123000000006.jpg
123000000007,/shared/ssd_30T/mirick/datasets/PIE-Bench_v1/annotation_images/1_change_object_80/2_natural/3_indoor/123000000007.jpg
123000000008,/shared/ssd_30T/mirick/datasets/PIE-Bench_v1/annotation_images/1_change_object_80/2_natural/3_indoor/123000000008.jpg
123000000009,/shared/ssd_30T/mirick/datasets/PIE-Bench_v1/annotation_images/1_change_object_80/2_natural/3_indoor/123000000009.jpg
124000000000,/shared/ssd_30T/mirick/datasets/PIE-Bench_v1/annotation_images/1_change_object_80/2_natural/4_outdoor/124000000000.jpg
124000000001,/shared/ssd_30T/mirick/datasets/PIE-Bench_v1/annotation_images/1_change_object_80/2_natural/4_outdoor/124000000001.jpg
124000000002,/shared/ssd_30T/mirick/datasets/PIE-Bench_v1/annotation_images/1_change_object_80/2_natural/4_outdoor/124000000002.jpg
124000000003,/shared/ssd_30T/mirick/datasets/PIE-Bench_v1/annotation_images/1_change_object_80/2_natural/4_outdoor/124000000003.jpg
124000000004,/shared/ssd_30T/mirick/datasets/PIE-Bench_v1/annotation_images/1_change_object_80/2_natural/4_outdoor/124000000004.jpg
124000000005,/shared/ssd_30T/mirick/datasets/PIE-Bench_v1/annotation_images/1_change_object_80/2_natural/4_outdoor/124000000005.jpg
124000000006,/shared/ssd_30T/mirick/datasets/PIE-Bench_v1/annotation_images/1_change_object_80/2_natural/4_outdoor/124000000006.jpg
124000000007,/shared/ssd_30T/mirick/datasets/PIE-Bench_v1/annotation_images/1_change_object_80/2_natural/4_outdoor/124000000007.jpg
124000000008,/shared/ssd_30T/mirick/datasets/PIE-Bench_v1/annotation_images/1_change_object_80/2_natural/4_outdoor/124000000008.jpg
124000000009,/shared/ssd_30T/mirick/datasets/PIE-Bench_v1/annotation_images/1_change_object_80/2_natural/4_outdoor/124000000009.jpg
211000000000,/shared/ssd_30T/mirick/datasets/PIE-Bench_v1/annotation_images/2_add_object_80/1_artificial/1_animal/211000000000.jpg
211000000001,/shared/ssd_30T/mirick/datasets/PIE-Bench_v1/annotation_images/2_add_object_80/1_artificial/1_animal/211000000001.jpg
211000000002,/shared/ssd_30T/mirick/datasets/PIE-Bench_v1/annotation_images/2_add_object_80/1_artificial/1_animal/211000000002.jpg
211000000003,/shared/ssd_30T/mirick/datasets/PIE-Bench_v1/annotation_images/2_add_object_80/1_artificial/1_animal/211000000003.jpg
211000000004,/shared/ssd_30T/mirick/datasets/PIE-Bench_v1/annotation_images/2_add_object_80/1_artificial/1_animal/211000000004.jpg
211000000005,/shared/ssd_30T/mirick/datasets/PIE-Bench_v1/annotation_images/2_add_object_80/1_artificial/1_animal/211000000005.jpg
211000000006,/shared/ssd_30T/mirick/datasets/PIE-Bench_v1/annotation_images/2_add_object_80/1_artificial/1_animal/211000000006.jpg
211000000007,/shared/ssd_30T/mirick/datasets/PIE-Bench_v1/annotation_images/2_add_object_80/1_artificial/1_animal/211000000007.jpg
211000000008,/shared/ssd_30T/mirick/datasets/PIE-Bench_v1/annotation_images/2_add_object_80/1_artificial/1_animal/211000000008.jpg
211000000009,/shared/ssd_30T/mirick/datasets/PIE-Bench_v1/annotation_images/2_add_object_80/1_artificial/1_animal/211000000009.jpg
212000000000,/shared/ssd_30T/mirick/datasets/PIE-Bench_v1/annotation_images/2_add_object_80/1_artificial/2_human/212000000000.jpg
212000000001,/shared/ssd_30T/mirick/datasets/PIE-Bench_v1/annotation_images/2_add_object_80/1_artificial/2_human/212000000001.jpg
212000000002,/shared/ssd_30T/mirick/datasets/PIE-Bench_v1/annotation_images/2_add_object_80/1_artificial/2_human/212000000002.jpg
212000000003,/shared/ssd_30T/mirick/datasets/PIE-Bench_v1/annotation_images/2_add_object_80/1_artificial/2_human/212000000003.jpg
212000000004,/shared/ssd_30T/mirick/datasets/PIE-Bench_v1/annotation_images/2_add_object_80/1_artificial/2_human/212000000004.jpg
212000000005,/shared/ssd_30T/mirick/datasets/PIE-Bench_v1/annotation_images/2_add_object_80/1_artificial/2_human/212000000005.jpg
212000000006,/shared/ssd_30T/mirick/datasets/PIE-Bench_v1/annotation_images/2_add_object_80/1_artificial/2_human/212000000006.jpg
212000000007,/shared/ssd_30T/mirick/datasets/PIE-Bench_v1/annotation_images/2_add_object_80/1_artificial/2_human/212000000007.jpg
212000000008,/shared/ssd_30T/mirick/datasets/PIE-Bench_v1/annotation_images/2_add_object_80/1_artificial/2_human/212000000008.jpg
212000000009,/shared/ssd_30T/mirick/datasets/PIE-Bench_v1/annotation_images/2_add_object_80/1_artificial/2_human/212000000009.jpg
213000000000,/shared/ssd_30T/mirick/datasets/PIE-Bench_v1/annotation_images/2_add_object_80/1_artificial/3_indoor/213000000000.jpg
213000000001,/shared/ssd_30T/mirick/datasets/PIE-Bench_v1/annotation_images/2_add_object_80/1_artificial/3_indoor/213000000001.jpg
213000000002,/shared/ssd_30T/mirick/datasets/PIE-Bench_v1/annotation_images/2_add_object_80/1_artificial/3_indoor/213000000002.jpg
213000000003,/shared/ssd_30T/mirick/datasets/PIE-Bench_v1/annotation_images/2_add_object_80/1_artificial/3_indoor/213000000003.jpg
213000000004,/shared/ssd_30T/mirick/datasets/PIE-Bench_v1/annotation_images/2_add_object_80/1_artificial/3_indoor/213000000004.jpg
213000000005,/shared/ssd_30T/mirick/datasets/PIE-Bench_v1/annotation_images/2_add_object_80/1_artificial/3_indoor/213000000005.jpg
213000000006,/shared/ssd_30T/mirick/datasets/PIE-Bench_v1/annotation_images/2_add_object_80/1_artificial/3_indoor/213000000006.jpg
213000000007,/shared/ssd_30T/mirick/datasets/PIE-Bench_v1/annotation_images/2_add_object_80/1_artificial/3_indoor/213000000007.jpg
213000000008,/shared/ssd_30T/mirick/datasets/PIE-Bench_v1/annotation_images/2_add_object_80/1_artificial/3_indoor/213000000008.jpg
213000000009,/shared/ssd_30T/mirick/datasets/PIE-Bench_v1/annotation_images/2_add_object_80/1_artificial/3_indoor/213000000009.jpg
214000000000,/shared/ssd_30T/mirick/datasets/PIE-Bench_v1/annotation_images/2_add_object_80/1_artificial/4_outdoor/214000000000.jpg
214000000001,/shared/ssd_30T/mirick/datasets/PIE-Bench_v1/annotation_images/2_add_object_80/1_artificial/4_outdoor/214000000001.jpg
214000000002,/shared/ssd_30T/mirick/datasets/PIE-Bench_v1/annotation_images/2_add_object_80/1_artificial/4_outdoor/214000000002.jpg
214000000003,/shared/ssd_30T/mirick/datasets/PIE-Bench_v1/annotation_images/2_add_object_80/1_artificial/4_outdoor/214000000003.jpg
214000000004,/shared/ssd_30T/mirick/datasets/PIE-Bench_v1/annotation_images/2_add_object_80/1_artificial/4_outdoor/214000000004.jpg
214000000005,/shared/ssd_30T/mirick/datasets/PIE-Bench_v1/annotation_images/2_add_object_80/1_artificial/4_outdoor/214000000005.jpg
214000000006,/shared/ssd_30T/mirick/datasets/PIE-Bench_v1/annotation_images/2_add_object_80/1_artificial/4_outdoor/214000000006.jpg
214000000007,/shared/ssd_30T/mirick/datasets/PIE-Bench_v1/annotation_images/2_add_object_80/1_artificial/4_outdoor/214000000007.jpg
214000000008,/shared/ssd_30T/mirick/datasets/PIE-Bench_v1/annotation_images/2_add_object_80/1_artificial/4_outdoor/214000000008.jpg
214000000009,/shared/ssd_30T/mirick/datasets/PIE-Bench_v1/annotation_images/2_add_object_80/1_artificial/4_outdoor/214000000009.jpg
221000000000,/shared/ssd_30T/mirick/datasets/PIE-Bench_v1/annotation_images/2_add_object_80/2_natural/1_animal/221000000000.jpg
221000000001,/shared/ssd_30T/mirick/datasets/PIE-Bench_v1/annotation_images/2_add_object_80/2_natural/1_animal/221000000001.jpg
221000000002,/shared/ssd_30T/mirick/datasets/PIE-Bench_v1/annotation_images/2_add_object_80/2_natural/1_animal/221000000002.jpg
221000000003,/shared/ssd_30T/mirick/datasets/PIE-Bench_v1/annotation_images/2_add_object_80/2_natural/1_animal/221000000003.jpg
221000000004,/shared/ssd_30T/mirick/datasets/PIE-Bench_v1/annotation_images/2_add_object_80/2_natural/1_animal/221000000004.jpg
221000000005,/shared/ssd_30T/mirick/datasets/PIE-Bench_v1/annotation_images/2_add_object_80/2_natural/1_animal/221000000005.jpg
221000000006,/shared/ssd_30T/mirick/datasets/PIE-Bench_v1/annotation_images/2_add_object_80/2_natural/1_animal/221000000006.jpg
221000000007,/shared/ssd_30T/mirick/datasets/PIE-Bench_v1/annotation_images/2_add_object_80/2_natural/1_animal/221000000007.jpg
221000000008,/shared/ssd_30T/mirick/datasets/PIE-Bench_v1/annotation_images/2_add_object_80/2_natural/1_animal/221000000008.jpg
221000000009,/shared/ssd_30T/mirick/datasets/PIE-Bench_v1/annotation_images/2_add_object_80/2_natural/1_animal/221000000009.jpg
222000000000,/shared/ssd_30T/mirick/datasets/PIE-Bench_v1/annotation_images/2_add_object_80/2_natural/2_human/222000000000.jpg
222000000001,/shared/ssd_30T/mirick/datasets/PIE-Bench_v1/annotation_images/2_add_object_80/2_natural/2_human/222000000001.jpg
222000000002,/shared/ssd_30T/mirick/datasets/PIE-Bench_v1/annotation_images/2_add_object_80/2_natural/2_human/222000000002.jpg
222000000003,/shared/ssd_30T/mirick/datasets/PIE-Bench_v1/annotation_images/2_add_object_80/2_natural/2_human/222000000003.jpg
222000000004,/shared/ssd_30T/mirick/datasets/PIE-Bench_v1/annotation_images/2_add_object_80/2_natural/2_human/222000000004.jpg
222000000005,/shared/ssd_30T/mirick/datasets/PIE-Bench_v1/annotation_images/2_add_object_80/2_natural/2_human/222000000005.jpg
222000000006,/shared/ssd_30T/mirick/datasets/PIE-Bench_v1/annotation_images/2_add_object_80/2_natural/2_human/222000000006.jpg
222000000007,/shared/ssd_30T/mirick/datasets/PIE-Bench_v1/annotation_images/2_add_object_80/2_natural/2_human/222000000007.jpg
222000000008,/shared/ssd_30T/mirick/datasets/PIE-Bench_v1/annotation_images/2_add_object_80/2_natural/2_human/222000000008.jpg
222000000009,/shared/ssd_30T/mirick/datasets/PIE-Bench_v1/annotation_images/2_add_object_80/2_natural/2_human/222000000009.jpg
223000000000,/shared/ssd_30T/mirick/datasets/PIE-Bench_v1/annotation_images/2_add_object_80/2_natural/3_indoor/223000000000.jpg
223000000001,/shared/ssd_30T/mirick/datasets/PIE-Bench_v1/annotation_images/2_add_object_80/2_natural/3_indoor/223000000001.jpg
223000000002,/shared/ssd_30T/mirick/datasets/PIE-Bench_v1/annotation_images/2_add_object_80/2_natural/3_indoor/223000000002.jpg
223000000003,/shared/ssd_30T/mirick/datasets/PIE-Bench_v1/annotation_images/2_add_object_80/2_natural/3_indoor/223000000003.jpg
223000000004,/shared/ssd_30T/mirick/datasets/PIE-Bench_v1/annotation_images/2_add_object_80/2_natural/3_indoor/223000000004.jpg
223000000005,/shared/ssd_30T/mirick/datasets/PIE-Bench_v1/annotation_images/2_add_object_80/2_natural/3_indoor/223000000005.jpg
223000000006,/shared/ssd_30T/mirick/datasets/PIE-Bench_v1/annotation_images/2_add_object_80/2_natural/3_indoor/223000000006.jpg
223000000007,/shared/ssd_30T/mirick/datasets/PIE-Bench_v1/annotation_images/2_add_object_80/2_natural/3_indoor/223000000007.jpg
223000000008,/shared/ssd_30T/mirick/datasets/PIE-Bench_v1/annotation_images/2_add_object_80/2_natural/3_indoor/223000000008.jpg
223000000009,/shared/ssd_30T/mirick/datasets/PIE-Bench_v1/annotation_images/2_add_object_80/2_natural/3_indoor/223000000009.jpg
224000000000,/shared/ssd_30T/mirick/datasets/PIE-Bench_v1/annotation_images/2_add_object_80/2_natural/4_outdoor/224000000000.jpg
224000000001,/shared/ssd_30T/mirick/datasets/PIE-Bench_v1/annotation_images/2_add_object_80/2_natural/4_outdoor/224000000001.jpg
224000000002,/shared/ssd_30T/mirick/datasets/PIE-Bench_v1/annotation_images/2_add_object_80/2_natural/4_outdoor/224000000002.jpg
224000000003,/shared/ssd_30T/mirick/datasets/PIE-Bench_v1/annotation_images/2_add_object_80/2_natural/4_outdoor/224000000003.jpg
224000000004,/shared/ssd_30T/mirick/datasets/PIE-Bench_v1/annotation_images/2_add_object_80/2_natural/4_outdoor/224000000004.jpg
224000000005,/shared/ssd_30T/mirick/datasets/PIE-Bench_v1/annotation_images/2_add_object_80/2_natural/4_outdoor/224000000005.jpg
224000000006,/shared/ssd_30T/mirick/datasets/PIE-Bench_v1/annotation_images/2_add_object_80/2_natural/4_outdoor/224000000006.jpg
224000000007,/shared/ssd_30T/mirick/datasets/PIE-Bench_v1/annotation_images/2_add_object_80/2_natural/4_outdoor/224000000007.jpg
224000000008,/shared/ssd_30T/mirick/datasets/PIE-Bench_v1/annotation_images/2_add_object_80/2_natural/4_outdoor/224000000008.jpg
224000000009,/shared/ssd_30T/mirick/datasets/PIE-Bench_v1/annotation_images/2_add_object_80/2_natural/4_outdoor/224000000009.jpg
311000000000,/shared/ssd_30T/mirick/datasets/PIE-Bench_v1/annotation_images/3_delete_object_80/1_artificial/1_animal/311000000000.jpg
311000000001,/shared/ssd_30T/mirick/datasets/PIE-Bench_v1/annotation_images/3_delete_object_80/1_artificial/1_animal/311000000001.jpg
311000000002,/shared/ssd_30T/mirick/datasets/PIE-Bench_v1/annotation_images/3_delete_object_80/1_artificial/1_animal/311000000002.jpg
311000000003,/shared/ssd_30T/mirick/datasets/PIE-Bench_v1/annotation_images/3_delete_object_80/1_artificial/1_animal/311000000003.jpg
311000000004,/shared/ssd_30T/mirick/datasets/PIE-Bench_v1/annotation_images/3_delete_object_80/1_artificial/1_animal/311000000004.jpg
311000000005,/shared/ssd_30T/mirick/datasets/PIE-Bench_v1/annotation_images/3_delete_object_80/1_artificial/1_animal/311000000005.jpg
311000000006,/shared/ssd_30T/mirick/datasets/PIE-Bench_v1/annotation_images/3_delete_object_80/1_artificial/1_animal/311000000006.jpg
311000000007,/shared/ssd_30T/mirick/datasets/PIE-Bench_v1/annotation_images/3_delete_object_80/1_artificial/1_animal/311000000007.jpg
311000000008,/shared/ssd_30T/mirick/datasets/PIE-Bench_v1/annotation_images/3_delete_object_80/1_artificial/1_animal/311000000008.jpg
311000000009,/shared/ssd_30T/mirick/datasets/PIE-Bench_v1/annotation_images/3_delete_object_80/1_artificial/1_animal/311000000009.jpg
312000000000,/shared/ssd_30T/mirick/datasets/PIE-Bench_v1/annotation_images/3_delete_object_80/1_artificial/2_human/312000000000.jpg
312000000001,/shared/ssd_30T/mirick/datasets/PIE-Bench_v1/annotation_images/3_delete_object_80/1_artificial/2_human/312000000001.jpg
312000000002,/shared/ssd_30T/mirick/datasets/PIE-Bench_v1/annotation_images/3_delete_object_80/1_artificial/2_human/312000000002.jpg
312000000003,/shared/ssd_30T/mirick/datasets/PIE-Bench_v1/annotation_images/3_delete_object_80/1_artificial/2_human/312000000003.jpg
312000000004,/shared/ssd_30T/mirick/datasets/PIE-Bench_v1/annotation_images/3_delete_object_80/1_artificial/2_human/312000000004.jpg
312000000005,/shared/ssd_30T/mirick/datasets/PIE-Bench_v1/annotation_images/3_delete_object_80/1_artificial/2_human/312000000005.jpg
312000000006,/shared/ssd_30T/mirick/datasets/PIE-Bench_v1/annotation_images/3_delete_object_80/1_artificial/2_human/312000000006.jpg
312000000007,/shared/ssd_30T/mirick/datasets/PIE-Bench_v1/annotation_images/3_delete_object_80/1_artificial/2_human/312000000007.jpg
312000000008,/shared/ssd_30T/mirick/datasets/PIE-Bench_v1/annotation_images/3_delete_object_80/1_artificial/2_human/312000000008.jpg
312000000009,/shared/ssd_30T/mirick/datasets/PIE-Bench_v1/annotation_images/3_delete_object_80/1_artificial/2_human/312000000009.jpg
313000000000,/shared/ssd_30T/mirick/datasets/PIE-Bench_v1/annotation_images/3_delete_object_80/1_artificial/3_indoor/313000000000.jpg
313000000001,/shared/ssd_30T/mirick/datasets/PIE-Bench_v1/annotation_images/3_delete_object_80/1_artificial/3_indoor/313000000001.jpg
313000000002,/shared/ssd_30T/mirick/datasets/PIE-Bench_v1/annotation_images/3_delete_object_80/1_artificial/3_indoor/313000000002.jpg
313000000003,/shared/ssd_30T/mirick/datasets/PIE-Bench_v1/annotation_images/3_delete_object_80/1_artificial/3_indoor/313000000003.jpg
313000000004,/shared/ssd_30T/mirick/datasets/PIE-Bench_v1/annotation_images/3_delete_object_80/1_artificial/3_indoor/313000000004.jpg
313000000005,/shared/ssd_30T/mirick/datasets/PIE-Bench_v1/annotation_images/3_delete_object_80/1_artificial/3_indoor/313000000005.jpg
313000000006,/shared/ssd_30T/mirick/datasets/PIE-Bench_v1/annotation_images/3_delete_object_80/1_artificial/3_indoor/313000000006.jpg
313000000007,/shared/ssd_30T/mirick/datasets/PIE-Bench_v1/annotation_images/3_delete_object_80/1_artificial/3_indoor/313000000007.jpg
313000000008,/shared/ssd_30T/mirick/datasets/PIE-Bench_v1/annotation_images/3_delete_object_80/1_artificial/3_indoor/313000000008.jpg
313000000009,/shared/ssd_30T/mirick/datasets/PIE-Bench_v1/annotation_images/3_delete_object_80/1_artificial/3_indoor/313000000009.jpg
314000000000,/shared/ssd_30T/mirick/datasets/PIE-Bench_v1/annotation_images/3_delete_object_80/1_artificial/4_outdoor/314000000000.jpg
314000000001,/shared/ssd_30T/mirick/datasets/PIE-Bench_v1/annotation_images/3_delete_object_80/1_artificial/4_outdoor/314000000001.jpg
314000000002,/shared/ssd_30T/mirick/datasets/PIE-Bench_v1/annotation_images/3_delete_object_80/1_artificial/4_outdoor/314000000002.jpg
314000000003,/shared/ssd_30T/mirick/datasets/PIE-Bench_v1/annotation_images/3_delete_object_80/1_artificial/4_outdoor/314000000003.jpg
314000000004,/shared/ssd_30T/mirick/datasets/PIE-Bench_v1/annotation_images/3_delete_object_80/1_artificial/4_outdoor/314000000004.jpg
314000000005,/shared/ssd_30T/mirick/datasets/PIE-Bench_v1/annotation_images/3_delete_object_80/1_artificial/4_outdoor/314000000005.jpg
314000000006,/shared/ssd_30T/mirick/datasets/PIE-Bench_v1/annotation_images/3_delete_object_80/1_artificial/4_outdoor/314000000006.jpg
314000000007,/shared/ssd_30T/mirick/datasets/PIE-Bench_v1/annotation_images/3_delete_object_80/1_artificial/4_outdoor/314000000007.jpg
314000000008,/shared/ssd_30T/mirick/datasets/PIE-Bench_v1/annotation_images/3_delete_object_80/1_artificial/4_outdoor/314000000008.jpg
314000000009,/shared/ssd_30T/mirick/datasets/PIE-Bench_v1/annotation_images/3_delete_object_80/1_artificial/4_outdoor/314000000009.jpg
321000000000,/shared/ssd_30T/mirick/datasets/PIE-Bench_v1/annotation_images/3_delete_object_80/2_natural/1_animal/321000000000.jpg
321000000001,/shared/ssd_30T/mirick/datasets/PIE-Bench_v1/annotation_images/3_delete_object_80/2_natural/1_animal/321000000001.jpg
321000000002,/shared/ssd_30T/mirick/datasets/PIE-Bench_v1/annotation_images/3_delete_object_80/2_natural/1_animal/321000000002.jpg
321000000003,/shared/ssd_30T/mirick/datasets/PIE-Bench_v1/annotation_images/3_delete_object_80/2_natural/1_animal/321000000003.jpg
321000000004,/shared/ssd_30T/mirick/datasets/PIE-Bench_v1/annotation_images/3_delete_object_80/2_natural/1_animal/321000000004.jpg
321000000005,/shared/ssd_30T/mirick/datasets/PIE-Bench_v1/annotation_images/3_delete_object_80/2_natural/1_animal/321000000005.jpg
321000000006,/shared/ssd_30T/mirick/datasets/PIE-Bench_v1/annotation_images/3_delete_object_80/2_natural/1_animal/321000000006.jpg
321000000007,/shared/ssd_30T/mirick/datasets/PIE-Bench_v1/annotation_images/3_delete_object_80/2_natural/1_animal/321000000007.jpg
321000000008,/shared/ssd_30T/mirick/datasets/PIE-Bench_v1/annotation_images/3_delete_object_80/2_natural/1_animal/321000000008.jpg
321000000009,/shared/ssd_30T/mirick/datasets/PIE-Bench_v1/annotation_images/3_delete_object_80/2_natural/1_animal/321000000009.jpg
322000000000,/shared/ssd_30T/mirick/datasets/PIE-Bench_v1/annotation_images/3_delete_object_80/2_natural/2_human/322000000000.jpg
322000000001,/shared/ssd_30T/mirick/datasets/PIE-Bench_v1/annotation_images/3_delete_object_80/2_natural/2_human/322000000001.jpg
322000000002,/shared/ssd_30T/mirick/datasets/PIE-Bench_v1/annotation_images/3_delete_object_80/2_natural/2_human/322000000002.jpg
322000000003,/shared/ssd_30T/mirick/datasets/PIE-Bench_v1/annotation_images/3_delete_object_80/2_natural/2_human/322000000003.jpg
322000000004,/shared/ssd_30T/mirick/datasets/PIE-Bench_v1/annotation_images/3_delete_object_80/2_natural/2_human/322000000004.jpg
322000000005,/shared/ssd_30T/mirick/datasets/PIE-Bench_v1/annotation_images/3_delete_object_80/2_natural/2_human/322000000005.jpg
322000000006,/shared/ssd_30T/mirick/datasets/PIE-Bench_v1/annotation_images/3_delete_object_80/2_natural/2_human/322000000006.jpg
322000000007,/shared/ssd_30T/mirick/datasets/PIE-Bench_v1/annotation_images/3_delete_object_80/2_natural/2_human/322000000007.jpg
322000000008,/shared/ssd_30T/mirick/datasets/PIE-Bench_v1/annotation_images/3_delete_object_80/2_natural/2_human/322000000008.jpg
322000000009,/shared/ssd_30T/mirick/datasets/PIE-Bench_v1/annotation_images/3_delete_object_80/2_natural/2_human/322000000009.jpg
323000000000,/shared/ssd_30T/mirick/datasets/PIE-Bench_v1/annotation_images/3_delete_object_80/2_natural/3_indoor/323000000000.jpg
323000000001,/shared/ssd_30T/mirick/datasets/PIE-Bench_v1/annotation_images/3_delete_object_80/2_natural/3_indoor/323000000001.jpg
323000000002,/shared/ssd_30T/mirick/datasets/PIE-Bench_v1/annotation_images/3_delete_object_80/2_natural/3_indoor/323000000002.jpg
323000000003,/shared/ssd_30T/mirick/datasets/PIE-Bench_v1/annotation_images/3_delete_object_80/2_natural/3_indoor/323000000003.jpg
323000000004,/shared/ssd_30T/mirick/datasets/PIE-Bench_v1/annotation_images/3_delete_object_80/2_natural/3_indoor/323000000004.jpg
323000000005,/shared/ssd_30T/mirick/datasets/PIE-Bench_v1/annotation_images/3_delete_object_80/2_natural/3_indoor/323000000005.jpg
323000000006,/shared/ssd_30T/mirick/datasets/PIE-Bench_v1/annotation_images/3_delete_object_80/2_natural/3_indoor/323000000006.jpg
323000000007,/shared/ssd_30T/mirick/datasets/PIE-Bench_v1/annotation_images/3_delete_object_80/2_natural/3_indoor/323000000007.jpg
323000000008,/shared/ssd_30T/mirick/datasets/PIE-Bench_v1/annotation_images/3_delete_object_80/2_natural/3_indoor/323000000008.jpg
323000000009,/shared/ssd_30T/mirick/datasets/PIE-Bench_v1/annotation_images/3_delete_object_80/2_natural/3_indoor/323000000009.jpg
324000000000,/shared/ssd_30T/mirick/datasets/PIE-Bench_v1/annotation_images/3_delete_object_80/2_natural/4_outdoor/324000000000.jpg
324000000001,/shared/ssd_30T/mirick/datasets/PIE-Bench_v1/annotation_images/3_delete_object_80/2_natural/4_outdoor/324000000001.jpg
324000000002,/shared/ssd_30T/mirick/datasets/PIE-Bench_v1/annotation_images/3_delete_object_80/2_natural/4_outdoor/324000000002.jpg
324000000003,/shared/ssd_30T/mirick/datasets/PIE-Bench_v1/annotation_images/3_delete_object_80/2_natural/4_outdoor/324000000003.jpg
324000000004,/shared/ssd_30T/mirick/datasets/PIE-Bench_v1/annotation_images/3_delete_object_80/2_natural/4_outdoor/324000000004.jpg
324000000005,/shared/ssd_30T/mirick/datasets/PIE-Bench_v1/annotation_images/3_delete_object_80/2_natural/4_outdoor/324000000005.jpg
324000000006,/shared/ssd_30T/mirick/datasets/PIE-Bench_v1/annotation_images/3_delete_object_80/2_natural/4_outdoor/324000000006.jpg
324000000007,/shared/ssd_30T/mirick/datasets/PIE-Bench_v1/annotation_images/3_delete_object_80/2_natural/4_outdoor/324000000007.jpg
324000000008,/shared/ssd_30T/mirick/datasets/PIE-Bench_v1/annotation_images/3_delete_object_80/2_natural/4_outdoor/324000000008.jpg
324000000009,/shared/ssd_30T/mirick/datasets/PIE-Bench_v1/annotation_images/3_delete_object_80/2_natural/4_outdoor/324000000009.jpg
411000000000,/shared/ssd_30T/mirick/datasets/PIE-Bench_v1/annotation_images/4_change_attribute_content_40/1_artificial/1_animal/411000000000.jpg
411000000001,/shared/ssd_30T/mirick/datasets/PIE-Bench_v1/annotation_images/4_change_attribute_content_40/1_artificial/1_animal/411000000001.jpg
411000000002,/shared/ssd_30T/mirick/datasets/PIE-Bench_v1/annotation_images/4_change_attribute_content_40/1_artificial/1_animal/411000000002.jpg
411000000003,/shared/ssd_30T/mirick/datasets/PIE-Bench_v1/annotation_images/4_change_attribute_content_40/1_artificial/1_animal/411000000003.jpg
411000000004,/shared/ssd_30T/mirick/datasets/PIE-Bench_v1/annotation_images/4_change_attribute_content_40/1_artificial/1_animal/411000000004.jpg
412000000000,/shared/ssd_30T/mirick/datasets/PIE-Bench_v1/annotation_images/4_change_attribute_content_40/1_artificial/2_human/412000000000.jpg
412000000001,/shared/ssd_30T/mirick/datasets/PIE-Bench_v1/annotation_images/4_change_attribute_content_40/1_artificial/2_human/412000000001.jpg
412000000002,/shared/ssd_30T/mirick/datasets/PIE-Bench_v1/annotation_images/4_change_attribute_content_40/1_artificial/2_human/412000000002.jpg
412000000003,/shared/ssd_30T/mirick/datasets/PIE-Bench_v1/annotation_images/4_change_attribute_content_40/1_artificial/2_human/412000000003.jpg
412000000004,/shared/ssd_30T/mirick/datasets/PIE-Bench_v1/annotation_images/4_change_attribute_content_40/1_artificial/2_human/412000000004.jpg
413000000000,/shared/ssd_30T/mirick/datasets/PIE-Bench_v1/annotation_images/4_change_attribute_content_40/1_artificial/3_indoor/413000000000.jpg
413000000001,/shared/ssd_30T/mirick/datasets/PIE-Bench_v1/annotation_images/4_change_attribute_content_40/1_artificial/3_indoor/413000000001.jpg
413000000002,/shared/ssd_30T/mirick/datasets/PIE-Bench_v1/annotation_images/4_change_attribute_content_40/1_artificial/3_indoor/413000000002.jpg
413000000003,/shared/ssd_30T/mirick/datasets/PIE-Bench_v1/annotation_images/4_change_attribute_content_40/1_artificial/3_indoor/413000000003.jpg
413000000004,/shared/ssd_30T/mirick/datasets/PIE-Bench_v1/annotation_images/4_change_attribute_content_40/1_artificial/3_indoor/413000000004.jpg
414000000000,/shared/ssd_30T/mirick/datasets/PIE-Bench_v1/annotation_images/4_change_attribute_content_40/1_artificial/4_outdoor/414000000000.jpg
414000000001,/shared/ssd_30T/mirick/datasets/PIE-Bench_v1/annotation_images/4_change_attribute_content_40/1_artificial/4_outdoor/414000000001.jpg
414000000002,/shared/ssd_30T/mirick/datasets/PIE-Bench_v1/annotation_images/4_change_attribute_content_40/1_artificial/4_outdoor/414000000002.jpg
414000000003,/shared/ssd_30T/mirick/datasets/PIE-Bench_v1/annotation_images/4_change_attribute_content_40/1_artificial/4_outdoor/414000000003.jpg
414000000004,/shared/ssd_30T/mirick/datasets/PIE-Bench_v1/annotation_images/4_change_attribute_content_40/1_artificial/4_outdoor/414000000004.jpg
421000000000,/shared/ssd_30T/mirick/datasets/PIE-Bench_v1/annotation_images/4_change_attribute_content_40/2_natural/1_animal/421000000000.jpg
421000000001,/shared/ssd_30T/mirick/datasets/PIE-Bench_v1/annotation_images/4_change_attribute_content_40/2_natural/1_animal/421000000001.jpg
421000000002,/shared/ssd_30T/mirick/datasets/PIE-Bench_v1/annotation_images/4_change_attribute_content_40/2_natural/1_animal/421000000002.jpg
421000000003,/shared/ssd_30T/mirick/datasets/PIE-Bench_v1/annotation_images/4_change_attribute_content_40/2_natural/1_animal/421000000003.jpg
421000000004,/shared/ssd_30T/mirick/datasets/PIE-Bench_v1/annotation_images/4_change_attribute_content_40/2_natural/1_animal/421000000004.jpg
422000000000,/shared/ssd_30T/mirick/datasets/PIE-Bench_v1/annotation_images/4_change_attribute_content_40/2_natural/2_human/422000000000.jpg
422000000001,/shared/ssd_30T/mirick/datasets/PIE-Bench_v1/annotation_images/4_change_attribute_content_40/2_natural/2_human/422000000001.jpg
422000000002,/shared/ssd_30T/mirick/datasets/PIE-Bench_v1/annotation_images/4_change_attribute_content_40/2_natural/2_human/422000000002.jpg
422000000003,/shared/ssd_30T/mirick/datasets/PIE-Bench_v1/annotation_images/4_change_attribute_content_40/2_natural/2_human/422000000003.jpg
422000000004,/shared/ssd_30T/mirick/datasets/PIE-Bench_v1/annotation_images/4_change_attribute_content_40/2_natural/2_human/422000000004.jpg
423000000000,/shared/ssd_30T/mirick/datasets/PIE-Bench_v1/annotation_images/4_change_attribute_content_40/2_natural/3_indoor/423000000000.jpg
423000000001,/shared/ssd_30T/mirick/datasets/PIE-Bench_v1/annotation_images/4_change_attribute_content_40/2_natural/3_indoor/423000000001.jpg
423000000002,/shared/ssd_30T/mirick/datasets/PIE-Bench_v1/annotation_images/4_change_attribute_content_40/2_natural/3_indoor/423000000002.jpg
423000000003,/shared/ssd_30T/mirick/datasets/PIE-Bench_v1/annotation_images/4_change_attribute_content_40/2_natural/3_indoor/423000000003.jpg
423000000004,/shared/ssd_30T/mirick/datasets/PIE-Bench_v1/annotation_images/4_change_attribute_content_40/2_natural/3_indoor/423000000004.jpg
424000000000,/shared/ssd_30T/mirick/datasets/PIE-Bench_v1/annotation_images/4_change_attribute_content_40/2_natural/4_outdoor/424000000000.jpg
424000000001,/shared/ssd_30T/mirick/datasets/PIE-Bench_v1/annotation_images/4_change_attribute_content_40/2_natural/4_outdoor/424000000001.jpg
424000000002,/shared/ssd_30T/mirick/datasets/PIE-Bench_v1/annotation_images/4_change_attribute_content_40/2_natural/4_outdoor/424000000002.jpg
424000000003,/shared/ssd_30T/mirick/datasets/PIE-Bench_v1/annotation_images/4_change_attribute_content_40/2_natural/4_outdoor/424000000003.jpg
424000000004,/shared/ssd_30T/mirick/datasets/PIE-Bench_v1/annotation_images/4_change_attribute_content_40/2_natural/4_outdoor/424000000004.jpg
511000000000,/shared/ssd_30T/mirick/datasets/PIE-Bench_v1/annotation_images/5_change_attribute_pose_40/1_artificial/1_animal/511000000000.jpg
511000000001,/shared/ssd_30T/mirick/datasets/PIE-Bench_v1/annotation_images/5_change_attribute_pose_40/1_artificial/1_animal/511000000001.jpg
511000000002,/shared/ssd_30T/mirick/datasets/PIE-Bench_v1/annotation_images/5_change_attribute_pose_40/1_artificial/1_animal/511000000002.jpg
511000000003,/shared/ssd_30T/mirick/datasets/PIE-Bench_v1/annotation_images/5_change_attribute_pose_40/1_artificial/1_animal/511000000003.jpg
511000000004,/shared/ssd_30T/mirick/datasets/PIE-Bench_v1/annotation_images/5_change_attribute_pose_40/1_artificial/1_animal/511000000004.jpg
512000000000,/shared/ssd_30T/mirick/datasets/PIE-Bench_v1/annotation_images/5_change_attribute_pose_40/1_artificial/2_human/512000000000.jpg
512000000001,/shared/ssd_30T/mirick/datasets/PIE-Bench_v1/annotation_images/5_change_attribute_pose_40/1_artificial/2_human/512000000001.jpg
512000000002,/shared/ssd_30T/mirick/datasets/PIE-Bench_v1/annotation_images/5_change_attribute_pose_40/1_artificial/2_human/512000000002.jpg
512000000003,/shared/ssd_30T/mirick/datasets/PIE-Bench_v1/annotation_images/5_change_attribute_pose_40/1_artificial/2_human/512000000003.jpg
512000000004,/shared/ssd_30T/mirick/datasets/PIE-Bench_v1/annotation_images/5_change_attribute_pose_40/1_artificial/2_human/512000000004.jpg
513000000000,/shared/ssd_30T/mirick/datasets/PIE-Bench_v1/annotation_images/5_change_attribute_pose_40/1_artificial/3_indoor/513000000000.jpg
513000000001,/shared/ssd_30T/mirick/datasets/PIE-Bench_v1/annotation_images/5_change_attribute_pose_40/1_artificial/3_indoor/513000000001.jpg
513000000002,/shared/ssd_30T/mirick/datasets/PIE-Bench_v1/annotation_images/5_change_attribute_pose_40/1_artificial/3_indoor/513000000002.jpg
513000000003,/shared/ssd_30T/mirick/datasets/PIE-Bench_v1/annotation_images/5_change_attribute_pose_40/1_artificial/3_indoor/513000000003.jpg
513000000004,/shared/ssd_30T/mirick/datasets/PIE-Bench_v1/annotation_images/5_change_attribute_pose_40/1_artificial/3_indoor/513000000004.jpg
514000000000,/shared/ssd_30T/mirick/datasets/PIE-Bench_v1/annotation_images/5_change_attribute_pose_40/1_artificial/4_outdoor/514000000000.jpg
514000000001,/shared/ssd_30T/mirick/datasets/PIE-Bench_v1/annotation_images/5_change_attribute_pose_40/1_artificial/4_outdoor/514000000001.jpg
514000000002,/shared/ssd_30T/mirick/datasets/PIE-Bench_v1/annotation_images/5_change_attribute_pose_40/1_artificial/4_outdoor/514000000002.jpg
514000000003,/shared/ssd_30T/mirick/datasets/PIE-Bench_v1/annotation_images/5_change_attribute_pose_40/1_artificial/4_outdoor/514000000003.jpg
514000000004,/shared/ssd_30T/mirick/datasets/PIE-Bench_v1/annotation_images/5_change_attribute_pose_40/1_artificial/4_outdoor/514000000004.jpg
521000000000,/shared/ssd_30T/mirick/datasets/PIE-Bench_v1/annotation_images/5_change_attribute_pose_40/2_natural/1_animal/521000000000.jpg
521000000001,/shared/ssd_30T/mirick/datasets/PIE-Bench_v1/annotation_images/5_change_attribute_pose_40/2_natural/1_animal/521000000001.jpg
521000000002,/shared/ssd_30T/mirick/datasets/PIE-Bench_v1/annotation_images/5_change_attribute_pose_40/2_natural/1_animal/521000000002.jpg
521000000003,/shared/ssd_30T/mirick/datasets/PIE-Bench_v1/annotation_images/5_change_attribute_pose_40/2_natural/1_animal/521000000003.jpg
521000000004,/shared/ssd_30T/mirick/datasets/PIE-Bench_v1/annotation_images/5_change_attribute_pose_40/2_natural/1_animal/521000000004.jpg
522000000000,/shared/ssd_30T/mirick/datasets/PIE-Bench_v1/annotation_images/5_change_attribute_pose_40/2_natural/2_human/522000000000.jpg
522000000001,/shared/ssd_30T/mirick/datasets/PIE-Bench_v1/annotation_images/5_change_attribute_pose_40/2_natural/2_human/522000000001.jpg
522000000002,/shared/ssd_30T/mirick/datasets/PIE-Bench_v1/annotation_images/5_change_attribute_pose_40/2_natural/2_human/522000000002.jpg
522000000003,/shared/ssd_30T/mirick/datasets/PIE-Bench_v1/annotation_images/5_change_attribute_pose_40/2_natural/2_human/522000000003.jpg
522000000004,/shared/ssd_30T/mirick/datasets/PIE-Bench_v1/annotation_images/5_change_attribute_pose_40/2_natural/2_human/522000000004.jpg
523000000000,/shared/ssd_30T/mirick/datasets/PIE-Bench_v1/annotation_images/5_change_attribute_pose_40/2_natural/3_indoor/523000000000.jpg
523000000001,/shared/ssd_30T/mirick/datasets/PIE-Bench_v1/annotation_images/5_change_attribute_pose_40/2_natural/3_indoor/523000000001.jpg
523000000002,/shared/ssd_30T/mirick/datasets/PIE-Bench_v1/annotation_images/5_change_attribute_pose_40/2_natural/3_indoor/523000000002.jpg
523000000003,/shared/ssd_30T/mirick/datasets/PIE-Bench_v1/annotation_images/5_change_attribute_pose_40/2_natural/3_indoor/523000000003.jpg
523000000004,/shared/ssd_30T/mirick/datasets/PIE-Bench_v1/annotation_images/5_change_attribute_pose_40/2_natural/3_indoor/523000000004.jpg
524000000000,/shared/ssd_30T/mirick/datasets/PIE-Bench_v1/annotation_images/5_change_attribute_pose_40/2_natural/4_outdoor/524000000000.jpg
524000000001,/shared/ssd_30T/mirick/datasets/PIE-Bench_v1/annotation_images/5_change_attribute_pose_40/2_natural/4_outdoor/524000000001.jpg
524000000002,/shared/ssd_30T/mirick/datasets/PIE-Bench_v1/annotation_images/5_change_attribute_pose_40/2_natural/4_outdoor/524000000002.jpg
524000000003,/shared/ssd_30T/mirick/datasets/PIE-Bench_v1/annotation_images/5_change_attribute_pose_40/2_natural/4_outdoor/524000000003.jpg
524000000004,/shared/ssd_30T/mirick/datasets/PIE-Bench_v1/annotation_images/5_change_attribute_pose_40/2_natural/4_outdoor/524000000004.jpg
611000000000,/shared/ssd_30T/mirick/datasets/PIE-Bench_v1/annotation_images/6_change_attribute_color_40/1_artificial/1_animal/611000000000.jpg
611000000001,/shared/ssd_30T/mirick/datasets/PIE-Bench_v1/annotation_images/6_change_attribute_color_40/1_artificial/1_animal/611000000001.jpg
611000000002,/shared/ssd_30T/mirick/datasets/PIE-Bench_v1/annotation_images/6_change_attribute_color_40/1_artificial/1_animal/611000000002.jpg
611000000003,/shared/ssd_30T/mirick/datasets/PIE-Bench_v1/annotation_images/6_change_attribute_color_40/1_artificial/1_animal/611000000003.jpg
611000000004,/shared/ssd_30T/mirick/datasets/PIE-Bench_v1/annotation_images/6_change_attribute_color_40/1_artificial/1_animal/611000000004.jpg
612000000000,/shared/ssd_30T/mirick/datasets/PIE-Bench_v1/annotation_images/6_change_attribute_color_40/1_artificial/2_human/612000000000.jpg
612000000001,/shared/ssd_30T/mirick/datasets/PIE-Bench_v1/annotation_images/6_change_attribute_color_40/1_artificial/2_human/612000000001.jpg
612000000002,/shared/ssd_30T/mirick/datasets/PIE-Bench_v1/annotation_images/6_change_attribute_color_40/1_artificial/2_human/612000000002.jpg
612000000003,/shared/ssd_30T/mirick/datasets/PIE-Bench_v1/annotation_images/6_change_attribute_color_40/1_artificial/2_human/612000000003.jpg
612000000004,/shared/ssd_30T/mirick/datasets/PIE-Bench_v1/annotation_images/6_change_attribute_color_40/1_artificial/2_human/612000000004.jpg
613000000000,/shared/ssd_30T/mirick/datasets/PIE-Bench_v1/annotation_images/6_change_attribute_color_40/1_artificial/3_indoor/613000000000.jpg
613000000001,/shared/ssd_30T/mirick/datasets/PIE-Bench_v1/annotation_images/6_change_attribute_color_40/1_artificial/3_indoor/613000000001.jpg
613000000002,/shared/ssd_30T/mirick/datasets/PIE-Bench_v1/annotation_images/6_change_attribute_color_40/1_artificial/3_indoor/613000000002.jpg
613000000003,/shared/ssd_30T/mirick/datasets/PIE-Bench_v1/annotation_images/6_change_attribute_color_40/1_artificial/3_indoor/613000000003.jpg
613000000004,/shared/ssd_30T/mirick/datasets/PIE-Bench_v1/annotation_images/6_change_attribute_color_40/1_artificial/3_indoor/613000000004.jpg
614000000000,/shared/ssd_30T/mirick/datasets/PIE-Bench_v1/annotation_images/6_change_attribute_color_40/1_artificial/4_outdoor/614000000000.jpg
614000000001,/shared/ssd_30T/mirick/datasets/PIE-Bench_v1/annotation_images/6_change_attribute_color_40/1_artificial/4_outdoor/614000000001.jpg
614000000002,/shared/ssd_30T/mirick/datasets/PIE-Bench_v1/annotation_images/6_change_attribute_color_40/1_artificial/4_outdoor/614000000002.jpg
614000000003,/shared/ssd_30T/mirick/datasets/PIE-Bench_v1/annotation_images/6_change_attribute_color_40/1_artificial/4_outdoor/614000000003.jpg
614000000004,/shared/ssd_30T/mirick/datasets/PIE-Bench_v1/annotation_images/6_change_attribute_color_40/1_artificial/4_outdoor/614000000004.jpg
621000000000,/shared/ssd_30T/mirick/datasets/PIE-Bench_v1/annotation_images/6_change_attribute_color_40/2_natural/1_animal/621000000000.jpg
621000000001,/shared/ssd_30T/mirick/datasets/PIE-Bench_v1/annotation_images/6_change_attribute_color_40/2_natural/1_animal/621000000001.jpg
621000000002,/shared/ssd_30T/mirick/datasets/PIE-Bench_v1/annotation_images/6_change_attribute_color_40/2_natural/1_animal/621000000002.jpg
621000000003,/shared/ssd_30T/mirick/datasets/PIE-Bench_v1/annotation_images/6_change_attribute_color_40/2_natural/1_animal/621000000003.jpg
621000000004,/shared/ssd_30T/mirick/datasets/PIE-Bench_v1/annotation_images/6_change_attribute_color_40/2_natural/1_animal/621000000004.jpg
622000000000,/shared/ssd_30T/mirick/datasets/PIE-Bench_v1/annotation_images/6_change_attribute_color_40/2_natural/2_human/622000000000.jpg
622000000001,/shared/ssd_30T/mirick/datasets/PIE-Bench_v1/annotation_images/6_change_attribute_color_40/2_natural/2_human/622000000001.jpg
622000000002,/shared/ssd_30T/mirick/datasets/PIE-Bench_v1/annotation_images/6_change_attribute_color_40/2_natural/2_human/622000000002.jpg
622000000003,/shared/ssd_30T/mirick/datasets/PIE-Bench_v1/annotation_images/6_change_attribute_color_40/2_natural/2_human/622000000003.jpg
622000000004,/shared/ssd_30T/mirick/datasets/PIE-Bench_v1/annotation_images/6_change_attribute_color_40/2_natural/2_human/622000000004.jpg
623000000000,/shared/ssd_30T/mirick/datasets/PIE-Bench_v1/annotation_images/6_change_attribute_color_40/2_natural/3_indoor/623000000000.jpg
623000000001,/shared/ssd_30T/mirick/datasets/PIE-Bench_v1/annotation_images/6_change_attribute_color_40/2_natural/3_indoor/623000000001.jpg
623000000002,/shared/ssd_30T/mirick/datasets/PIE-Bench_v1/annotation_images/6_change_attribute_color_40/2_natural/3_indoor/623000000002.jpg
623000000003,/shared/ssd_30T/mirick/datasets/PIE-Bench_v1/annotation_images/6_change_attribute_color_40/2_natural/3_indoor/623000000003.jpg
623000000004,/shared/ssd_30T/mirick/datasets/PIE-Bench_v1/annotation_images/6_change_attribute_color_40/2_natural/3_indoor/623000000004.jpg
624000000000,/shared/ssd_30T/mirick/datasets/PIE-Bench_v1/annotation_images/6_change_attribute_color_40/2_natural/4_outdoor/624000000000.jpg
624000000001,/shared/ssd_30T/mirick/datasets/PIE-Bench_v1/annotation_images/6_change_attribute_color_40/2_natural/4_outdoor/624000000001.jpg
624000000002,/shared/ssd_30T/mirick/datasets/PIE-Bench_v1/annotation_images/6_change_attribute_color_40/2_natural/4_outdoor/624000000002.jpg
624000000003,/shared/ssd_30T/mirick/datasets/PIE-Bench_v1/annotation_images/6_change_attribute_color_40/2_natural/4_outdoor/624000000003.jpg
624000000004,/shared/ssd_30T/mirick/datasets/PIE-Bench_v1/annotation_images/6_change_attribute_color_40/2_natural/4_outdoor/624000000004.jpg
711000000000,/shared/ssd_30T/mirick/datasets/PIE-Bench_v1/annotation_images/7_change_attribute_material_40/1_artificial/1_animal/711000000000.jpg
711000000001,/shared/ssd_30T/mirick/datasets/PIE-Bench_v1/annotation_images/7_change_attribute_material_40/1_artificial/1_animal/711000000001.jpg
711000000002,/shared/ssd_30T/mirick/datasets/PIE-Bench_v1/annotation_images/7_change_attribute_material_40/1_artificial/1_animal/711000000002.jpg
711000000003,/shared/ssd_30T/mirick/datasets/PIE-Bench_v1/annotation_images/7_change_attribute_material_40/1_artificial/1_animal/711000000003.jpg
711000000004,/shared/ssd_30T/mirick/datasets/PIE-Bench_v1/annotation_images/7_change_attribute_material_40/1_artificial/1_animal/711000000004.jpg
712000000000,/shared/ssd_30T/mirick/datasets/PIE-Bench_v1/annotation_images/7_change_attribute_material_40/1_artificial/2_human/712000000000.jpg
712000000001,/shared/ssd_30T/mirick/datasets/PIE-Bench_v1/annotation_images/7_change_attribute_material_40/1_artificial/2_human/712000000001.jpg
712000000002,/shared/ssd_30T/mirick/datasets/PIE-Bench_v1/annotation_images/7_change_attribute_material_40/1_artificial/2_human/712000000002.jpg
712000000003,/shared/ssd_30T/mirick/datasets/PIE-Bench_v1/annotation_images/7_change_attribute_material_40/1_artificial/2_human/712000000003.jpg
712000000004,/shared/ssd_30T/mirick/datasets/PIE-Bench_v1/annotation_images/7_change_attribute_material_40/1_artificial/2_human/712000000004.jpg
713000000000,/shared/ssd_30T/mirick/datasets/PIE-Bench_v1/annotation_images/7_change_attribute_material_40/1_artificial/3_indoor/713000000000.jpg
713000000001,/shared/ssd_30T/mirick/datasets/PIE-Bench_v1/annotation_images/7_change_attribute_material_40/1_artificial/3_indoor/713000000001.jpg
713000000002,/shared/ssd_30T/mirick/datasets/PIE-Bench_v1/annotation_images/7_change_attribute_material_40/1_artificial/3_indoor/713000000002.jpg
713000000003,/shared/ssd_30T/mirick/datasets/PIE-Bench_v1/annotation_images/7_change_attribute_material_40/1_artificial/3_indoor/713000000003.jpg
713000000004,/shared/ssd_30T/mirick/datasets/PIE-Bench_v1/annotation_images/7_change_attribute_material_40/1_artificial/3_indoor/713000000004.jpg
714000000000,/shared/ssd_30T/mirick/datasets/PIE-Bench_v1/annotation_images/7_change_attribute_material_40/1_artificial/4_outdoor/714000000000.jpg
714000000001,/shared/ssd_30T/mirick/datasets/PIE-Bench_v1/annotation_images/7_change_attribute_material_40/1_artificial/4_outdoor/714000000001.jpg
714000000002,/shared/ssd_30T/mirick/datasets/PIE-Bench_v1/annotation_images/7_change_attribute_material_40/1_artificial/4_outdoor/714000000002.jpg
714000000003,/shared/ssd_30T/mirick/datasets/PIE-Bench_v1/annotation_images/7_change_attribute_material_40/1_artificial/4_outdoor/714000000003.jpg
714000000004,/shared/ssd_30T/mirick/datasets/PIE-Bench_v1/annotation_images/7_change_attribute_material_40/1_artificial/4_outdoor/714000000004.jpg
721000000000,/shared/ssd_30T/mirick/datasets/PIE-Bench_v1/annotation_images/7_change_attribute_material_40/2_natural/1_animal/721000000000.jpg
721000000001,/shared/ssd_30T/mirick/datasets/PIE-Bench_v1/annotation_images/7_change_attribute_material_40/2_natural/1_animal/721000000001.jpg
721000000002,/shared/ssd_30T/mirick/datasets/PIE-Bench_v1/annotation_images/7_change_attribute_material_40/2_natural/1_animal/721000000002.jpg
721000000003,/shared/ssd_30T/mirick/datasets/PIE-Bench_v1/annotation_images/7_change_attribute_material_40/2_natural/1_animal/721000000003.jpg
721000000004,/shared/ssd_30T/mirick/datasets/PIE-Bench_v1/annotation_images/7_change_attribute_material_40/2_natural/1_animal/721000000004.jpg
722000000000,/shared/ssd_30T/mirick/datasets/PIE-Bench_v1/annotation_images/7_change_attribute_material_40/2_natural/2_human/722000000000.jpg
722000000001,/shared/ssd_30T/mirick/datasets/PIE-Bench_v1/annotation_images/7_change_attribute_material_40/2_natural/2_human/722000000001.jpg
722000000002,/shared/ssd_30T/mirick/datasets/PIE-Bench_v1/annotation_images/7_change_attribute_material_40/2_natural/2_human/722000000002.jpg
722000000003,/shared/ssd_30T/mirick/datasets/PIE-Bench_v1/annotation_images/7_change_attribute_material_40/2_natural/2_human/722000000003.jpg
722000000004,/shared/ssd_30T/mirick/datasets/PIE-Bench_v1/annotation_images/7_change_attribute_material_40/2_natural/2_human/722000000004.jpg
723000000000,/shared/ssd_30T/mirick/datasets/PIE-Bench_v1/annotation_images/7_change_attribute_material_40/2_natural/3_indoor/723000000000.jpg
723000000001,/shared/ssd_30T/mirick/datasets/PIE-Bench_v1/annotation_images/7_change_attribute_material_40/2_natural/3_indoor/723000000001.jpg
723000000002,/shared/ssd_30T/mirick/datasets/PIE-Bench_v1/annotation_images/7_change_attribute_material_40/2_natural/3_indoor/723000000002.jpg
723000000003,/shared/ssd_30T/mirick/datasets/PIE-Bench_v1/annotation_images/7_change_attribute_material_40/2_natural/3_indoor/723000000003.jpg
723000000004,/shared/ssd_30T/mirick/datasets/PIE-Bench_v1/annotation_images/7_change_attribute_material_40/2_natural/3_indoor/723000000004.jpg
724000000000,/shared/ssd_30T/mirick/datasets/PIE-Bench_v1/annotation_images/7_change_attribute_material_40/2_natural/4_outdoor/724000000000.jpg
724000000001,/shared/ssd_30T/mirick/datasets/PIE-Bench_v1/annotation_images/7_change_attribute_material_40/2_natural/4_outdoor/724000000001.jpg
724000000002,/shared/ssd_30T/mirick/datasets/PIE-Bench_v1/annotation_images/7_change_attribute_material_40/2_natural/4_outdoor/724000000002.jpg
724000000003,/shared/ssd_30T/mirick/datasets/PIE-Bench_v1/annotation_images/7_change_attribute_material_40/2_natural/4_outdoor/724000000003.jpg
724000000004,/shared/ssd_30T/mirick/datasets/PIE-Bench_v1/annotation_images/7_change_attribute_material_40/2_natural/4_outdoor/724000000004.jpg
811000000000,/shared/ssd_30T/mirick/datasets/PIE-Bench_v1/annotation_images/8_change_background_80/1_artificial/1_animal/811000000000.jpg
811000000001,/shared/ssd_30T/mirick/datasets/PIE-Bench_v1/annotation_images/8_change_background_80/1_artificial/1_animal/811000000001.jpg
811000000002,/shared/ssd_30T/mirick/datasets/PIE-Bench_v1/annotation_images/8_change_background_80/1_artificial/1_animal/811000000002.jpg
811000000003,/shared/ssd_30T/mirick/datasets/PIE-Bench_v1/annotation_images/8_change_background_80/1_artificial/1_animal/811000000003.jpg
811000000004,/shared/ssd_30T/mirick/datasets/PIE-Bench_v1/annotation_images/8_change_background_80/1_artificial/1_animal/811000000004.jpg
811000000005,/shared/ssd_30T/mirick/datasets/PIE-Bench_v1/annotation_images/8_change_background_80/1_artificial/1_animal/811000000005.jpg
811000000006,/shared/ssd_30T/mirick/datasets/PIE-Bench_v1/annotation_images/8_change_background_80/1_artificial/1_animal/811000000006.jpg
811000000007,/shared/ssd_30T/mirick/datasets/PIE-Bench_v1/annotation_images/8_change_background_80/1_artificial/1_animal/811000000007.jpg
811000000008,/shared/ssd_30T/mirick/datasets/PIE-Bench_v1/annotation_images/8_change_background_80/1_artificial/1_animal/811000000008.jpg
811000000009,/shared/ssd_30T/mirick/datasets/PIE-Bench_v1/annotation_images/8_change_background_80/1_artificial/1_animal/811000000009.jpg
812000000000,/shared/ssd_30T/mirick/datasets/PIE-Bench_v1/annotation_images/8_change_background_80/1_artificial/2_human/812000000000.jpg
812000000001,/shared/ssd_30T/mirick/datasets/PIE-Bench_v1/annotation_images/8_change_background_80/1_artificial/2_human/812000000001.jpg
812000000002,/shared/ssd_30T/mirick/datasets/PIE-Bench_v1/annotation_images/8_change_background_80/1_artificial/2_human/812000000002.jpg
812000000003,/shared/ssd_30T/mirick/datasets/PIE-Bench_v1/annotation_images/8_change_background_80/1_artificial/2_human/812000000003.jpg
812000000004,/shared/ssd_30T/mirick/datasets/PIE-Bench_v1/annotation_images/8_change_background_80/1_artificial/2_human/812000000004.jpg
812000000005,/shared/ssd_30T/mirick/datasets/PIE-Bench_v1/annotation_images/8_change_background_80/1_artificial/2_human/812000000005.jpg
812000000006,/shared/ssd_30T/mirick/datasets/PIE-Bench_v1/annotation_images/8_change_background_80/1_artificial/2_human/812000000006.jpg
812000000007,/shared/ssd_30T/mirick/datasets/PIE-Bench_v1/annotation_images/8_change_background_80/1_artificial/2_human/812000000007.jpg
812000000008,/shared/ssd_30T/mirick/datasets/PIE-Bench_v1/annotation_images/8_change_background_80/1_artificial/2_human/812000000008.jpg
812000000009,/shared/ssd_30T/mirick/datasets/PIE-Bench_v1/annotation_images/8_change_background_80/1_artificial/2_human/812000000009.jpg
813000000000,/shared/ssd_30T/mirick/datasets/PIE-Bench_v1/annotation_images/8_change_background_80/1_artificial/3_indoor/813000000000.jpg
813000000001,/shared/ssd_30T/mirick/datasets/PIE-Bench_v1/annotation_images/8_change_background_80/1_artificial/3_indoor/813000000001.jpg
813000000002,/shared/ssd_30T/mirick/datasets/PIE-Bench_v1/annotation_images/8_change_background_80/1_artificial/3_indoor/813000000002.jpg
813000000003,/shared/ssd_30T/mirick/datasets/PIE-Bench_v1/annotation_images/8_change_background_80/1_artificial/3_indoor/813000000003.jpg
813000000004,/shared/ssd_30T/mirick/datasets/PIE-Bench_v1/annotation_images/8_change_background_80/1_artificial/3_indoor/813000000004.jpg
813000000005,/shared/ssd_30T/mirick/datasets/PIE-Bench_v1/annotation_images/8_change_background_80/1_artificial/3_indoor/813000000005.jpg
813000000006,/shared/ssd_30T/mirick/datasets/PIE-Bench_v1/annotation_images/8_change_background_80/1_artificial/3_indoor/813000000006.jpg
813000000007,/shared/ssd_30T/mirick/datasets/PIE-Bench_v1/annotation_images/8_change_background_80/1_artificial/3_indoor/813000000007.jpg
813000000008,/shared/ssd_30T/mirick/datasets/PIE-Bench_v1/annotation_images/8_change_background_80/1_artificial/3_indoor/813000000008.jpg
813000000009,/shared/ssd_30T/mirick/datasets/PIE-Bench_v1/annotation_images/8_change_background_80/1_artificial/3_indoor/813000000009.jpg
814000000000,/shared/ssd_30T/mirick/datasets/PIE-Bench_v1/annotation_images/8_change_background_80/1_artificial/4_outdoor/814000000000.jpg
814000000001,/shared/ssd_30T/mirick/datasets/PIE-Bench_v1/annotation_images/8_change_background_80/1_artificial/4_outdoor/814000000001.jpg
814000000002,/shared/ssd_30T/mirick/datasets/PIE-Bench_v1/annotation_images/8_change_background_80/1_artificial/4_outdoor/814000000002.jpg
814000000003,/shared/ssd_30T/mirick/datasets/PIE-Bench_v1/annotation_images/8_change_background_80/1_artificial/4_outdoor/814000000003.jpg
814000000004,/shared/ssd_30T/mirick/datasets/PIE-Bench_v1/annotation_images/8_change_background_80/1_artificial/4_outdoor/814000000004.jpg
814000000005,/shared/ssd_30T/mirick/datasets/PIE-Bench_v1/annotation_images/8_change_background_80/1_artificial/4_outdoor/814000000005.jpg
814000000006,/shared/ssd_30T/mirick/datasets/PIE-Bench_v1/annotation_images/8_change_background_80/1_artificial/4_outdoor/814000000006.jpg
814000000007,/shared/ssd_30T/mirick/datasets/PIE-Bench_v1/annotation_images/8_change_background_80/1_artificial/4_outdoor/814000000007.jpg
814000000008,/shared/ssd_30T/mirick/datasets/PIE-Bench_v1/annotation_images/8_change_background_80/1_artificial/4_outdoor/814000000008.jpg
814000000009,/shared/ssd_30T/mirick/datasets/PIE-Bench_v1/annotation_images/8_change_background_80/1_artificial/4_outdoor/814000000009.jpg
821000000000,/shared/ssd_30T/mirick/datasets/PIE-Bench_v1/annotation_images/8_change_background_80/2_natural/1_animal/821000000000.jpg
821000000001,/shared/ssd_30T/mirick/datasets/PIE-Bench_v1/annotation_images/8_change_background_80/2_natural/1_animal/821000000001.jpg
821000000002,/shared/ssd_30T/mirick/datasets/PIE-Bench_v1/annotation_images/8_change_background_80/2_natural/1_animal/821000000002.jpg
821000000003,/shared/ssd_30T/mirick/datasets/PIE-Bench_v1/annotation_images/8_change_background_80/2_natural/1_animal/821000000003.jpg
821000000004,/shared/ssd_30T/mirick/datasets/PIE-Bench_v1/annotation_images/8_change_background_80/2_natural/1_animal/821000000004.jpg
821000000005,/shared/ssd_30T/mirick/datasets/PIE-Bench_v1/annotation_images/8_change_background_80/2_natural/1_animal/821000000005.jpg
821000000006,/shared/ssd_30T/mirick/datasets/PIE-Bench_v1/annotation_images/8_change_background_80/2_natural/1_animal/821000000006.jpg
821000000007,/shared/ssd_30T/mirick/datasets/PIE-Bench_v1/annotation_images/8_change_background_80/2_natural/1_animal/821000000007.jpg
821000000008,/shared/ssd_30T/mirick/datasets/PIE-Bench_v1/annotation_images/8_change_background_80/2_natural/1_animal/821000000008.jpg
821000000009,/shared/ssd_30T/mirick/datasets/PIE-Bench_v1/annotation_images/8_change_background_80/2_natural/1_animal/821000000009.jpg
822000000000,/shared/ssd_30T/mirick/datasets/PIE-Bench_v1/annotation_images/8_change_background_80/2_natural/2_human/822000000000.jpg
822000000001,/shared/ssd_30T/mirick/datasets/PIE-Bench_v1/annotation_images/8_change_background_80/2_natural/2_human/822000000001.jpg
822000000002,/shared/ssd_30T/mirick/datasets/PIE-Bench_v1/annotation_images/8_change_background_80/2_natural/2_human/822000000002.jpg
822000000003,/shared/ssd_30T/mirick/datasets/PIE-Bench_v1/annotation_images/8_change_background_80/2_natural/2_human/822000000003.jpg
822000000004,/shared/ssd_30T/mirick/datasets/PIE-Bench_v1/annotation_images/8_change_background_80/2_natural/2_human/822000000004.jpg
822000000005,/shared/ssd_30T/mirick/datasets/PIE-Bench_v1/annotation_images/8_change_background_80/2_natural/2_human/822000000005.jpg
822000000006,/shared/ssd_30T/mirick/datasets/PIE-Bench_v1/annotation_images/8_change_background_80/2_natural/2_human/822000000006.jpg
822000000007,/shared/ssd_30T/mirick/datasets/PIE-Bench_v1/annotation_images/8_change_background_80/2_natural/2_human/822000000007.jpg
822000000008,/shared/ssd_30T/mirick/datasets/PIE-Bench_v1/annotation_images/8_change_background_80/2_natural/2_human/822000000008.jpg
822000000009,/shared/ssd_30T/mirick/datasets/PIE-Bench_v1/annotation_images/8_change_background_80/2_natural/2_human/822000000009.jpg
823000000000,/shared/ssd_30T/mirick/datasets/PIE-Bench_v1/annotation_images/8_change_background_80/2_natural/3_indoor/823000000000.jpg
823000000001,/shared/ssd_30T/mirick/datasets/PIE-Bench_v1/annotation_images/8_change_background_80/2_natural/3_indoor/823000000001.jpg
823000000002,/shared/ssd_30T/mirick/datasets/PIE-Bench_v1/annotation_images/8_change_background_80/2_natural/3_indoor/823000000002.jpg
823000000003,/shared/ssd_30T/mirick/datasets/PIE-Bench_v1/annotation_images/8_change_background_80/2_natural/3_indoor/823000000003.jpg
823000000004,/shared/ssd_30T/mirick/datasets/PIE-Bench_v1/annotation_images/8_change_background_80/2_natural/3_indoor/823000000004.jpg
823000000005,/shared/ssd_30T/mirick/datasets/PIE-Bench_v1/annotation_images/8_change_background_80/2_natural/3_indoor/823000000005.jpg
823000000006,/shared/ssd_30T/mirick/datasets/PIE-Bench_v1/annotation_images/8_change_background_80/2_natural/3_indoor/823000000006.jpg
823000000007,/shared/ssd_30T/mirick/datasets/PIE-Bench_v1/annotation_images/8_change_background_80/2_natural/3_indoor/823000000007.jpg
823000000008,/shared/ssd_30T/mirick/datasets/PIE-Bench_v1/annotation_images/8_change_background_80/2_natural/3_indoor/823000000008.jpg
823000000009,/shared/ssd_30T/mirick/datasets/PIE-Bench_v1/annotation_images/8_change_background_80/2_natural/3_indoor/823000000009.jpg
824000000000,/shared/ssd_30T/mirick/datasets/PIE-Bench_v1/annotation_images/8_change_background_80/2_natural/4_outdoor/824000000000.jpg
824000000001,/shared/ssd_30T/mirick/datasets/PIE-Bench_v1/annotation_images/8_change_background_80/2_natural/4_outdoor/824000000001.jpg
824000000002,/shared/ssd_30T/mirick/datasets/PIE-Bench_v1/annotation_images/8_change_background_80/2_natural/4_outdoor/824000000002.jpg
824000000003,/shared/ssd_30T/mirick/datasets/PIE-Bench_v1/annotation_images/8_change_background_80/2_natural/4_outdoor/824000000003.jpg
824000000004,/shared/ssd_30T/mirick/datasets/PIE-Bench_v1/annotation_images/8_change_background_80/2_natural/4_outdoor/824000000004.jpg
824000000005,/shared/ssd_30T/mirick/datasets/PIE-Bench_v1/annotation_images/8_change_background_80/2_natural/4_outdoor/824000000005.jpg
824000000006,/shared/ssd_30T/mirick/datasets/PIE-Bench_v1/annotation_images/8_change_background_80/2_natural/4_outdoor/824000000006.jpg
824000000007,/shared/ssd_30T/mirick/datasets/PIE-Bench_v1/annotation_images/8_change_background_80/2_natural/4_outdoor/824000000007.jpg
824000000008,/shared/ssd_30T/mirick/datasets/PIE-Bench_v1/annotation_images/8_change_background_80/2_natural/4_outdoor/824000000008.jpg
824000000009,/shared/ssd_30T/mirick/datasets/PIE-Bench_v1/annotation_images/8_change_background_80/2_natural/4_outdoor/824000000009.jpg
911000000000,/shared/ssd_30T/mirick/datasets/PIE-Bench_v1/annotation_images/9_change_style_80/1_artificial/1_animal/911000000000.jpg
911000000001,/shared/ssd_30T/mirick/datasets/PIE-Bench_v1/annotation_images/9_change_style_80/1_artificial/1_animal/911000000001.jpg
911000000002,/shared/ssd_30T/mirick/datasets/PIE-Bench_v1/annotation_images/9_change_style_80/1_artificial/1_animal/911000000002.jpg
911000000003,/shared/ssd_30T/mirick/datasets/PIE-Bench_v1/annotation_images/9_change_style_80/1_artificial/1_animal/911000000003.jpg
911000000004,/shared/ssd_30T/mirick/datasets/PIE-Bench_v1/annotation_images/9_change_style_80/1_artificial/1_animal/911000000004.jpg
911000000005,/shared/ssd_30T/mirick/datasets/PIE-Bench_v1/annotation_images/9_change_style_80/1_artificial/1_animal/911000000005.jpg
911000000006,/shared/ssd_30T/mirick/datasets/PIE-Bench_v1/annotation_images/9_change_style_80/1_artificial/1_animal/911000000006.jpg
911000000007,/shared/ssd_30T/mirick/datasets/PIE-Bench_v1/annotation_images/9_change_style_80/1_artificial/1_animal/911000000007.jpg
911000000008,/shared/ssd_30T/mirick/datasets/PIE-Bench_v1/annotation_images/9_change_style_80/1_artificial/1_animal/911000000008.jpg
911000000009,/shared/ssd_30T/mirick/datasets/PIE-Bench_v1/annotation_images/9_change_style_80/1_artificial/1_animal/911000000009.jpg
912000000000,/shared/ssd_30T/mirick/datasets/PIE-Bench_v1/annotation_images/9_change_style_80/1_artificial/2_human/912000000000.jpg
912000000001,/shared/ssd_30T/mirick/datasets/PIE-Bench_v1/annotation_images/9_change_style_80/1_artificial/2_human/912000000001.jpg
912000000002,/shared/ssd_30T/mirick/datasets/PIE-Bench_v1/annotation_images/9_change_style_80/1_artificial/2_human/912000000002.jpg
912000000003,/shared/ssd_30T/mirick/datasets/PIE-Bench_v1/annotation_images/9_change_style_80/1_artificial/2_human/912000000003.jpg
912000000004,/shared/ssd_30T/mirick/datasets/PIE-Bench_v1/annotation_images/9_change_style_80/1_artificial/2_human/912000000004.jpg
912000000005,/shared/ssd_30T/mirick/datasets/PIE-Bench_v1/annotation_images/9_change_style_80/1_artificial/2_human/912000000005.jpg
912000000006,/shared/ssd_30T/mirick/datasets/PIE-Bench_v1/annotation_images/9_change_style_80/1_artificial/2_human/912000000006.jpg
912000000007,/shared/ssd_30T/mirick/datasets/PIE-Bench_v1/annotation_images/9_change_style_80/1_artificial/2_human/912000000007.jpg
912000000008,/shared/ssd_30T/mirick/datasets/PIE-Bench_v1/annotation_images/9_change_style_80/1_artificial/2_human/912000000008.jpg
912000000009,/shared/ssd_30T/mirick/datasets/PIE-Bench_v1/annotation_images/9_change_style_80/1_artificial/2_human/912000000009.jpg
913000000000,/shared/ssd_30T/mirick/datasets/PIE-Bench_v1/annotation_images/9_change_style_80/1_artificial/3_indoor/913000000000.jpg
913000000001,/shared/ssd_30T/mirick/datasets/PIE-Bench_v1/annotation_images/9_change_style_80/1_artificial/3_indoor/913000000001.jpg
913000000002,/shared/ssd_30T/mirick/datasets/PIE-Bench_v1/annotation_images/9_change_style_80/1_artificial/3_indoor/913000000002.jpg
913000000003,/shared/ssd_30T/mirick/datasets/PIE-Bench_v1/annotation_images/9_change_style_80/1_artificial/3_indoor/913000000003.jpg
913000000004,/shared/ssd_30T/mirick/datasets/PIE-Bench_v1/annotation_images/9_change_style_80/1_artificial/3_indoor/913000000004.jpg
913000000005,/shared/ssd_30T/mirick/datasets/PIE-Bench_v1/annotation_images/9_change_style_80/1_artificial/3_indoor/913000000005.jpg
913000000006,/shared/ssd_30T/mirick/datasets/PIE-Bench_v1/annotation_images/9_change_style_80/1_artificial/3_indoor/913000000006.jpg
913000000007,/shared/ssd_30T/mirick/datasets/PIE-Bench_v1/annotation_images/9_change_style_80/1_artificial/3_indoor/913000000007.jpg
913000000008,/shared/ssd_30T/mirick/datasets/PIE-Bench_v1/annotation_images/9_change_style_80/1_artificial/3_indoor/913000000008.jpg
913000000009,/shared/ssd_30T/mirick/datasets/PIE-Bench_v1/annotation_images/9_change_style_80/1_artificial/3_indoor/913000000009.jpg
914000000000,/shared/ssd_30T/mirick/datasets/PIE-Bench_v1/annotation_images/9_change_style_80/1_artificial/4_outdoor/914000000000.jpg
914000000001,/shared/ssd_30T/mirick/datasets/PIE-Bench_v1/annotation_images/9_change_style_80/1_artificial/4_outdoor/914000000001.jpg
914000000002,/shared/ssd_30T/mirick/datasets/PIE-Bench_v1/annotation_images/9_change_style_80/1_artificial/4_outdoor/914000000002.jpg
914000000003,/shared/ssd_30T/mirick/datasets/PIE-Bench_v1/annotation_images/9_change_style_80/1_artificial/4_outdoor/914000000003.jpg
914000000004,/shared/ssd_30T/mirick/datasets/PIE-Bench_v1/annotation_images/9_change_style_80/1_artificial/4_outdoor/914000000004.jpg
914000000005,/shared/ssd_30T/mirick/datasets/PIE-Bench_v1/annotation_images/9_change_style_80/1_artificial/4_outdoor/914000000005.jpg
914000000006,/shared/ssd_30T/mirick/datasets/PIE-Bench_v1/annotation_images/9_change_style_80/1_artificial/4_outdoor/914000000006.jpg
914000000007,/shared/ssd_30T/mirick/datasets/PIE-Bench_v1/annotation_images/9_change_style_80/1_artificial/4_outdoor/914000000007.jpg
914000000008,/shared/ssd_30T/mirick/datasets/PIE-Bench_v1/annotation_images/9_change_style_80/1_artificial/4_outdoor/914000000008.jpg
914000000009,/shared/ssd_30T/mirick/datasets/PIE-Bench_v1/annotation_images/9_change_style_80/1_artificial/4_outdoor/914000000009.jpg
921000000000,/shared/ssd_30T/mirick/datasets/PIE-Bench_v1/annotation_images/9_change_style_80/2_natural/1_animal/921000000000.jpg
921000000001,/shared/ssd_30T/mirick/datasets/PIE-Bench_v1/annotation_images/9_change_style_80/2_natural/1_animal/921000000001.jpg
921000000002,/shared/ssd_30T/mirick/datasets/PIE-Bench_v1/annotation_images/9_change_style_80/2_natural/1_animal/921000000002.jpg
921000000003,/shared/ssd_30T/mirick/datasets/PIE-Bench_v1/annotation_images/9_change_style_80/2_natural/1_animal/921000000003.jpg
921000000004,/shared/ssd_30T/mirick/datasets/PIE-Bench_v1/annotation_images/9_change_style_80/2_natural/1_animal/921000000004.jpg
921000000005,/shared/ssd_30T/mirick/datasets/PIE-Bench_v1/annotation_images/9_change_style_80/2_natural/1_animal/921000000005.jpg
921000000006,/shared/ssd_30T/mirick/datasets/PIE-Bench_v1/annotation_images/9_change_style_80/2_natural/1_animal/921000000006.jpg
921000000007,/shared/ssd_30T/mirick/datasets/PIE-Bench_v1/annotation_images/9_change_style_80/2_natural/1_animal/921000000007.jpg
921000000008,/shared/ssd_30T/mirick/datasets/PIE-Bench_v1/annotation_images/9_change_style_80/2_natural/1_animal/921000000008.jpg
921000000009,/shared/ssd_30T/mirick/datasets/PIE-Bench_v1/annotation_images/9_change_style_80/2_natural/1_animal/921000000009.jpg
922000000000,/shared/ssd_30T/mirick/datasets/PIE-Bench_v1/annotation_images/9_change_style_80/2_natural/2_human/922000000000.jpg
922000000001,/shared/ssd_30T/mirick/datasets/PIE-Bench_v1/annotation_images/9_change_style_80/2_natural/2_human/922000000001.jpg
922000000002,/shared/ssd_30T/mirick/datasets/PIE-Bench_v1/annotation_images/9_change_style_80/2_natural/2_human/922000000002.jpg
922000000003,/shared/ssd_30T/mirick/datasets/PIE-Bench_v1/annotation_images/9_change_style_80/2_natural/2_human/922000000003.jpg
922000000004,/shared/ssd_30T/mirick/datasets/PIE-Bench_v1/annotation_images/9_change_style_80/2_natural/2_human/922000000004.jpg
922000000005,/shared/ssd_30T/mirick/datasets/PIE-Bench_v1/annotation_images/9_change_style_80/2_natural/2_human/922000000005.jpg
922000000006,/shared/ssd_30T/mirick/datasets/PIE-Bench_v1/annotation_images/9_change_style_80/2_natural/2_human/922000000006.jpg
922000000007,/shared/ssd_30T/mirick/datasets/PIE-Bench_v1/annotation_images/9_change_style_80/2_natural/2_human/922000000007.jpg
922000000008,/shared/ssd_30T/mirick/datasets/PIE-Bench_v1/annotation_images/9_change_style_80/2_natural/2_human/922000000008.jpg
922000000009,/shared/ssd_30T/mirick/datasets/PIE-Bench_v1/annotation_images/9_change_style_80/2_natural/2_human/922000000009.jpg
923000000000,/shared/ssd_30T/mirick/datasets/PIE-Bench_v1/annotation_images/9_change_style_80/2_natural/3_indoor/923000000000.jpg
923000000001,/shared/ssd_30T/mirick/datasets/PIE-Bench_v1/annotation_images/9_change_style_80/2_natural/3_indoor/923000000001.jpg
923000000002,/shared/ssd_30T/mirick/datasets/PIE-Bench_v1/annotation_images/9_change_style_80/2_natural/3_indoor/923000000002.jpg
923000000003,/shared/ssd_30T/mirick/datasets/PIE-Bench_v1/annotation_images/9_change_style_80/2_natural/3_indoor/923000000003.jpg
923000000004,/shared/ssd_30T/mirick/datasets/PIE-Bench_v1/annotation_images/9_change_style_80/2_natural/3_indoor/923000000004.jpg
923000000005,/shared/ssd_30T/mirick/datasets/PIE-Bench_v1/annotation_images/9_change_style_80/2_natural/3_indoor/923000000005.jpg
923000000006,/shared/ssd_30T/mirick/datasets/PIE-Bench_v1/annotation_images/9_change_style_80/2_natural/3_indoor/923000000006.jpg
923000000007,/shared/ssd_30T/mirick/datasets/PIE-Bench_v1/annotation_images/9_change_style_80/2_natural/3_indoor/923000000007.jpg
923000000008,/shared/ssd_30T/mirick/datasets/PIE-Bench_v1/annotation_images/9_change_style_80/2_natural/3_indoor/923000000008.jpg
923000000009,/shared/ssd_30T/mirick/datasets/PIE-Bench_v1/annotation_images/9_change_style_80/2_natural/3_indoor/923000000009.jpg
924000000000,/shared/ssd_30T/mirick/datasets/PIE-Bench_v1/annotation_images/9_change_style_80/2_natural/4_outdoor/924000000000.jpg
924000000001,/shared/ssd_30T/mirick/datasets/PIE-Bench_v1/annotation_images/9_change_style_80/2_natural/4_outdoor/924000000001.jpg
924000000002,/shared/ssd_30T/mirick/datasets/PIE-Bench_v1/annotation_images/9_change_style_80/2_natural/4_outdoor/924000000002.jpg
924000000003,/shared/ssd_30T/mirick/datasets/PIE-Bench_v1/annotation_images/9_change_style_80/2_natural/4_outdoor/924000000003.jpg
924000000004,/shared/ssd_30T/mirick/datasets/PIE-Bench_v1/annotation_images/9_change_style_80/2_natural/4_outdoor/924000000004.jpg
924000000005,/shared/ssd_30T/mirick/datasets/PIE-Bench_v1/annotation_images/9_change_style_80/2_natural/4_outdoor/924000000005.jpg
924000000006,/shared/ssd_30T/mirick/datasets/PIE-Bench_v1/annotation_images/9_change_style_80/2_natural/4_outdoor/924000000006.jpg
924000000007,/shared/ssd_30T/mirick/datasets/PIE-Bench_v1/annotation_images/9_change_style_80/2_natural/4_outdoor/924000000007.jpg
924000000008,/shared/ssd_30T/mirick/datasets/PIE-Bench_v1/annotation_images/9_change_style_80/2_natural/4_outdoor/924000000008.jpg
924000000009,/shared/ssd_30T/mirick/datasets/PIE-Bench_v1/annotation_images/9_change_style_80/2_natural/4_outdoor/924000000009.jpg
