sample_id,t_delta,t_start,t_end,psnr,clip_similarity_target_image,combined_quality_score
0,0.0,0.0,0.0,27.41766166687012,22.13981437683105,0.4961473130653711
1,0.0,0.0,0.0,28.29838752746582,22.883100509643555,0.5283140134109545
2,0.0,0.0,0.0,28.24260902404785,20.588998794555664,0.48426351313465577
3,0.0,0.0,0.0,27.86025047302246,22.573869705200195,0.5134437750906506
4,0.0,0.0,0.0,31.678129196166992,21.820056915283203,0.5785454080610779
5,0.0,0.0,0.0,33.55740737915039,21.28530502319336,0.6075296685826348
6,0.0,0.0,0.0,36.42853546142578,21.81779670715332,0.6770428458023262
7,0.0,0.0,0.0,26.839845657348636,27.01457977294922,0.5753062853847111
8,0.0,0.0,0.0,31.64994430541992,25.02378463745117,0.6378617524661595
9,0.0,0.0,0.0,35.138370513916016,20.812944412231445,0.6314924004654061
10,0.0,0.0,0.0,29.52876853942871,28.336090087890625,0.655792405238397
11,0.0,0.0,0.0,30.91649627685547,19.272125244140625,0.5151071395742489
12,0.0,0.0,0.0,22.651254653930664,15.949304580688477,0.2815300077213806
13,0.0,0.0,0.0,30.158586502075195,16.44675064086914,0.44655867355790035
14,0.0,0.0,0.0,37.105587005615234,19.63260269165039,0.6502300286708531
15,0.0,0.0,0.0,30.73632049560547,13.082901000976562,0.3956480155169959
16,0.0,0.0,0.0,27.175931930541992,19.793739318847656,0.44726778711460713
17,0.0,0.0,0.0,27.48750114440918,17.693893432617188,0.41446939247281844
18,0.0,0.0,0.0,29.26392364501953,23.3880672454834,0.5577840443935391
19,0.0,0.0,0.0,24.388139724731445,21.2830867767334,0.4172861748031164
20,0.0,0.0,0.0,25.7363338470459,20.94620704650879,0.43895360408243833
21,0.0,0.0,0.0,28.983190536499023,26.80034637451172,0.6157610178438422
22,0.0,0.0,0.0,21.23321533203125,16.6513671875,0.2652416764069362
23,0.0,0.0,0.0,26.019569396972656,26.3494873046875,0.5458555256778677
24,0.0,0.0,0.0,24.4539794921875,27.08173370361328,0.5270708446950498
25,0.0,0.0,0.0,29.61246681213379,21.71789932250977,0.5337864255540994
26,0.0,0.0,0.0,33.15802001953125,17.067485809326172,0.520383258161317
27,0.0,0.0,0.0,26.058927536010746,18.542381286621094,0.40070029787929573
28,0.0,0.0,0.0,33.81179428100586,22.94585609436035,0.6438543132912329
29,0.0,0.0,0.0,28.67571449279785,20.54543876647949,0.49243315001108656
30,0.0,0.0,0.0,21.519119262695312,20.27228546142578,0.3388736275459865
31,0.0,0.0,0.0,33.79488754272461,19.544652938842773,0.5799103604963993
32,0.0,0.0,0.0,30.05101585388184,17.608797073364258,0.46605439785167724
33,0.0,0.0,0.0,30.03396797180176,33.33356857299805,0.7597112285053857
34,0.0,0.0,0.0,21.503087997436523,24.15436363220215,0.4111253883277761
35,0.0,0.0,0.0,23.461801528930664,18.40117835998535,0.34418689785444334
36,0.0,0.0,0.0,31.136808395385746,9.811718940734863,0.34279329809318676
37,0.0,0.0,0.0,22.96421432495117,23.609134674072266,0.43123985443163104
38,0.0,0.0,0.0,29.15375328063965,27.17491912841797,0.6263025651990857
39,0.0,0.0,0.0,20.681493759155277,24.29124641418457,0.3966420453809314
40,0.0,0.0,0.0,28.35824012756348,27.973302841186523,0.6247285016896325
41,0.0,0.0,0.0,21.74544715881348,19.72920608520508,0.33341433596895
42,0.0,0.0,0.0,33.74433135986328,22.335168838500977,0.6310367103602845
43,0.0,0.0,0.0,27.70575714111328,22.431615829467773,0.5075792935974761
44,0.0,0.0,0.0,23.71418190002441,20.886110305786133,0.39588360062028916
45,0.0,0.0,0.0,29.91665267944336,24.397602081298828,0.5901994362668443
46,0.0,0.0,0.0,35.60089111328125,22.62199592590332,0.6749110053943838
47,0.0,0.0,0.0,19.056381225585938,19.91139411926269,0.28104031842874216
48,0.0,0.0,0.0,35.381561279296875,21.8908748626709,0.6566913778346746
49,0.0,0.0,0.0,31.512121200561523,18.38085174560547,0.5107980501585596
50,0.0,0.0,0.0,26.530658721923828,19.99147605895996,0.43757974979384817
51,0.0,0.0,0.0,27.536958694458008,25.98630142211914,0.5705407889268016
52,0.0,0.0,0.0,29.05159950256348,18.99249649047852,0.47119449543489356
53,0.0,0.0,0.0,27.615692138671875,22.59153938293457,0.5087011724710346
54,0.0,0.0,0.0,25.660648345947266,22.86014175415039,0.47316900146090435
55,0.0,0.0,0.0,26.7191104888916,24.376873016357425,0.5234838815682206
56,0.0,0.0,0.0,23.33995819091797,23.48886489868164,0.43678535153013276
57,0.0,0.0,0.0,20.863304138183597,23.60059928894043,0.38750019243074263
58,0.0,0.0,0.0,25.70112609863281,20.231664657592773,0.4248632753725504
59,0.0,0.0,0.0,32.01616668701172,21.921703338623047,0.5874579751794022
60,0.0,0.0,0.0,37.418365478515625,21.561569213867188,0.6927845535261352
61,0.0,0.0,0.0,21.11176300048828,23.511228561401367,0.39098309072665083
62,0.0,0.0,0.0,29.429597854614254,22.462011337280277,0.5439059679920354
63,0.0,0.0,0.0,26.13207244873047,22.772872924804688,0.48131626234607694
64,0.0,0.0,0.0,22.062061309814453,23.102792739868164,0.4030588936295905
65,0.0,0.0,0.0,26.469444274902344,23.50089263916016,0.5019264983628503
66,0.0,0.0,0.0,28.955368041992188,26.991945266723636,0.618766262221563
67,0.0,0.0,0.0,26.356355667114254,24.28603172302246,0.5142606188877673
68,0.0,0.0,0.0,31.091609954833984,24.2874813079834,0.6125131157565403
69,0.0,0.0,0.0,26.638702392578125,14.676252365112305,0.34044071775550055
70,0.0,0.0,0.0,34.035552978515625,27.661693572998047,0.7366691708263855
71,0.0,0.0,0.0,39.944950103759766,23.05802345275879,0.7731741974787878
72,0.0,0.0,0.0,32.891456604003906,18.467735290527344,0.5410346770597135
73,0.0,0.0,0.0,27.25651741027832,25.240819931030277,0.5507849996188203
74,0.0,0.0,0.0,30.44820785522461,22.47614479064941,0.5652996855857093
75,0.0,0.0,0.0,29.506105422973636,17.11311912536621,0.4454832594483248
76,0.0,0.0,0.0,29.83099937438965,20.95486640930176,0.5240528990930706
77,0.0,0.0,0.0,23.18558883666992,25.59223175048828,0.47291044219708045
78,0.0,0.0,0.0,30.989452362060547,17.403167724609375,0.48167607585927663
79,0.0,0.0,0.0,32.19395446777344,22.249513626098636,0.5972750635945046
80,0.0,0.0,0.0,33.03482437133789,25.07255744934082,0.6675008275970054
81,0.0,0.0,0.0,25.312721252441406,22.808263778686523,0.4649818247341173
82,0.0,0.0,0.0,28.725357055664062,27.00742530822754,0.6142844811862995
83,0.0,0.0,0.0,35.48035430908203,29.667621612548828,0.8041446983328286
84,0.0,0.0,0.0,25.34678077697754,23.33126640319824,0.47546706266293365
85,0.0,0.0,0.0,27.965150833129883,25.910877227783203,0.5780127332561946
86,0.0,0.0,0.0,27.577770233154297,19.037139892578125,0.4414569382941965
87,0.0,0.0,0.0,28.846345901489254,21.22916030883789,0.5087563632906129
88,0.0,0.0,0.0,22.042654037475582,24.87413787841797,0.43577565708515165
89,0.0,0.0,0.0,36.15129470825195,20.920711517333984,0.6545188696037152
90,0.0,0.0,0.0,31.230270385742188,23.858516693115234,0.6073689363560824
91,0.0,0.0,0.0,22.993690490722656,21.586048126220703,0.3940250745941096
92,0.0,0.0,0.0,23.81506729125977,24.79997062683105,0.4711548531074836
93,0.0,0.0,0.0,27.42701530456543,9.054221153259276,0.25167633370929493
94,0.0,0.0,0.0,28.998231887817383,22.974056243896484,0.5445318074866337
95,0.0,0.0,0.0,26.312461853027344,26.617210388183597,0.5569368120241703
96,0.0,0.0,0.0,28.018848419189453,18.84140014648437,0.4469466097754452
97,0.0,0.0,0.0,19.44222068786621,26.32015609741211,0.40887037028117473
98,0.0,0.0,0.0,28.444334030151367,21.322473526000977,0.5021619634569492
99,0.0,0.0,0.0,26.61376953125,18.70121955871582,0.41517946507161885
100,0.0,0.0,0.0,28.801870346069336,28.201229095458984,0.6381925130750952
101,0.0,0.0,0.0,21.994848251342773,16.7082462310791,0.28210403539851936
102,0.0,0.0,0.0,31.23422622680664,20.60193634033203,0.5465617980138757
103,0.0,0.0,0.0,25.877344131469727,23.566755294799805,0.4908757658112145
104,0.0,0.0,0.0,28.614107131958008,19.60439682006836,0.4735602771736207
105,0.0,0.0,0.0,18.606876373291016,22.624292373657227,0.32243986749320264
106,0.0,0.0,0.0,28.124771118164062,21.6304874420166,0.5012921566230708
107,0.0,0.0,0.0,24.361242294311523,22.77755546569824,0.4446707301070763
108,0.0,0.0,0.0,32.223777770996094,15.294888496398926,0.4678611248560045
109,0.0,0.0,0.0,19.30766868591309,22.11238670349121,0.3274054566188084
110,0.0,0.0,0.0,30.100446701049805,20.387060165405277,0.5190257270236529
111,0.0,0.0,0.0,23.52702522277832,15.851503372192385,0.2978678724724747
112,0.0,0.0,0.0,21.6236515045166,27.72659111022949,0.4804172272775628
113,0.0,0.0,0.0,23.163856506347656,18.656686782836918,0.3427838101656804
114,0.0,0.0,0.0,30.324369430541992,19.672887802124023,0.51031757049702
115,0.0,0.0,0.0,33.74352264404297,23.004980087280277,0.6435435835647163
116,0.0,0.0,0.0,25.281471252441406,21.19126892089844,0.43410018641498826
117,0.0,0.0,0.0,29.813100814819336,18.55051612854004,0.4787268102548957
118,0.0,0.0,0.0,32.20457077026367,23.072118759155277,0.6128757609121264
119,0.0,0.0,0.0,29.621824264526367,23.309785842895508,0.5637444798223499
120,0.0,0.0,0.0,29.41359138488769,15.861513137817385,0.42016257329765694
121,0.0,0.0,0.0,25.711463928222656,25.809616088867188,0.5293702393959001
122,0.0,0.0,0.0,24.120073318481445,18.261083602905277,0.35522231858790465
123,0.0,0.0,0.0,28.4047794342041,19.652732849121094,0.4701218560021302
124,0.0,0.0,0.0,27.722517013549805,20.40933609008789,0.4701158194033584
125,0.0,0.0,0.0,27.82176399230957,15.909819602966309,0.38804582022099665
126,0.0,0.0,0.0,26.865781784057617,18.159637451171875,0.41028094988113095
127,0.0,0.0,0.0,27.744518280029297,23.59624290466309,0.5301586913857114
128,0.0,0.0,0.0,26.582603454589844,33.948238372802734,0.6996107600821369
129,0.0,0.0,0.0,29.324586868286133,15.871572494506836,0.41850439736934825
130,0.0,0.0,0.0,33.459712982177734,30.375,0.7754557279858973
131,0.0,0.0,0.0,22.553953170776367,27.811613082885746,0.5013045500576769
132,0.0,0.0,0.0,29.397926330566406,25.49364471435547,0.5999322914524226
133,0.0,0.0,0.0,29.111921310424805,21.74461936950684,0.5239029895437151
134,0.0,0.0,0.0,33.9696159362793,24.84391593933105,0.6826166321650178
135,0.0,0.0,0.0,31.67684936523437,25.819551467895508,0.6532985311348039
136,0.0,0.0,0.0,29.59648895263672,20.88018035888672,0.5177919236510597
137,0.0,0.0,0.0,21.982641220092773,22.12834930419922,0.3831920067704694
138,0.0,0.0,0.0,26.09361457824707,18.80422592163086,0.4063156085134475
139,0.0,0.0,0.0,18.760202407836918,21.192535400390625,0.29885041302758125
111000000000,0.0,0.0,0.0,25.237632751464844,15.00997257232666,0.31761739461433025
111000000001,0.0,0.0,0.0,29.904539108276367,25.74822998046875,0.6152012278695107
111000000002,0.0,0.0,0.0,31.514747619628903,15.039862632751465,0.4483851207943115
111000000003,0.0,0.0,0.0,30.18595314025879,15.511636734008787,0.42964226444018105
111000000004,0.0,0.0,0.0,26.44720458984375,28.58802032470703,0.5965806239387041
111000000005,0.0,0.0,0.0,28.36724090576172,21.53117561340332,0.5044649494408295
111000000006,0.0,0.0,0.0,37.7373046875,24.310497283935547,0.7507979241362737
111000000007,0.0,0.0,0.0,28.01445198059082,15.975732803344728,0.3932752267014783
111000000008,0.0,0.0,0.0,25.695556640625,23.14899635314941,0.4792939144991347
111000000009,0.0,0.0,0.0,23.196853637695312,15.863597869873049,0.291245117077186
112000000000,0.0,0.0,0.0,24.40231132507324,24.948457717895508,0.4861126106320869
112000000001,0.0,0.0,0.0,26.83257102966309,18.543285369873047,0.41676521779326137
112000000002,0.0,0.0,0.0,28.18657493591309,21.147119522094727,0.49353651395922854
112000000003,0.0,0.0,0.0,27.10136032104492,18.972314834594727,0.4303625125855908
112000000004,0.0,0.0,0.0,27.884204864501957,23.502410888671875,0.5313018661010123
112000000005,0.0,0.0,0.0,22.56376838684082,22.21690559387207,0.396902336521205
112000000006,0.0,0.0,0.0,26.525840759277344,23.745954513549805,0.5076783452068323
112000000007,0.0,0.0,0.0,26.413311004638672,22.752281188964844,0.4867651038616197
112000000008,0.0,0.0,0.0,28.250938415527344,25.556108474731445,0.5773077357652778
112000000009,0.0,0.0,0.0,25.96527099609375,22.86213111877441,0.47952511435573475
113000000000,0.0,0.0,0.0,27.82142639160156,21.91067695617676,0.5002385298632293
113000000001,0.0,0.0,0.0,35.772464752197266,14.999821662902832,0.5359561008217317
113000000002,0.0,0.0,0.0,28.59339141845703,21.9794921875,0.5175383864050812
113000000003,0.0,0.0,0.0,28.667407989501957,22.026594161987305,0.5199544224420616
113000000004,0.0,0.0,0.0,27.26940155029297,27.454025268554688,0.5924331816167561
113000000005,0.0,0.0,0.0,37.247215270996094,20.16390609741211,0.6631018127741666
113000000006,0.0,0.0,0.0,32.54725646972656,26.951753616333008,0.6925228569343462
113000000007,0.0,0.0,0.0,29.59300994873047,21.576961517333984,0.5307476698977753
113000000008,0.0,0.0,0.0,24.967750549316406,23.882787704467773,0.4779166258730113
113000000009,0.0,0.0,0.0,20.546653747558597,26.871192932128903,0.4420829851640284
114000000000,0.0,0.0,0.0,25.553815841674805,30.1153621673584,0.6066058198962394
114000000001,0.0,0.0,0.0,32.18794250488281,28.50592803955078,0.7141282895449637
114000000002,0.0,0.0,0.0,31.67117691040039,22.459213256835938,0.5903516791849037
114000000003,0.0,0.0,0.0,26.48830795288086,22.201322555541992,0.47801936939109163
114000000004,0.0,0.0,0.0,31.45073127746582,28.27472686767578,0.6945131703802532
114000000005,0.0,0.0,0.0,26.46684455871582,22.526538848876957,0.483654805308239
114000000006,0.0,0.0,0.0,29.447240829467773,20.2242488861084,0.5024318716809102
114000000007,0.0,0.0,0.0,27.384841918945312,17.427215576171875,0.40735373783725015
114000000008,0.0,0.0,0.0,27.72920036315918,26.80230712890625,0.5897856271366682
114000000009,0.0,0.0,0.0,30.33329391479492,23.68881607055664,0.5855896318133699
121000000000,0.0,0.0,0.0,28.65191078186035,18.779918670654297,0.4589289552092152
121000000001,0.0,0.0,0.0,30.776729583740234,20.46314811706543,0.5344767882473962
121000000002,0.0,0.0,0.0,24.45559310913086,16.84330177307129,0.3356734838668528
121000000003,0.0,0.0,0.0,24.13438415527344,22.63688468933105,0.4373347542959533
121000000004,0.0,0.0,0.0,25.989280700683597,20.85299491882324,0.44245777495558114
121000000005,0.0,0.0,0.0,29.935258865356445,21.80087280273437,0.542033616822496
121000000006,0.0,0.0,0.0,27.476680755615234,18.96083068847656,0.4379332216817081
121000000007,0.0,0.0,0.0,25.40132522583008,20.70391845703125,0.42747424007715307
121000000008,0.0,0.0,0.0,25.26240921020508,19.3675479888916,0.3996061527093728
121000000009,0.0,0.0,0.0,26.090450286865234,7.206381320953369,0.1894018176135217
122000000000,0.0,0.0,0.0,28.531147003173828,17.348474502563477,0.4296597877846483
122000000001,0.0,0.0,0.0,29.28009414672852,13.946585655212402,0.3815894472024238
122000000002,0.0,0.0,0.0,32.83462142944336,22.030445098876957,0.606468705170556
122000000003,0.0,0.0,0.0,24.10994911193848,22.281295776367188,0.43017934218333914
122000000004,0.0,0.0,0.0,33.26397705078125,20.676240921020508,0.5900550761803021
122000000005,0.0,0.0,0.0,28.283672332763672,23.50307273864746,0.5396005644814454
122000000006,0.0,0.0,0.0,23.5931396484375,22.281465530395508,0.4194621176238927
122000000007,0.0,0.0,0.0,25.71926689147949,24.9082145690918,0.5126783426034731
122000000008,0.0,0.0,0.0,26.96038627624512,22.855484008789062,0.5000429309506003
122000000009,0.0,0.0,0.0,31.755529403686523,20.515138626098636,0.5557525303177395
123000000000,0.0,0.0,0.0,31.14712142944336,21.0958309173584,0.5539894315568574
123000000001,0.0,0.0,0.0,38.225807189941406,21.266572952270508,0.7040180325243601
123000000002,0.0,0.0,0.0,31.731016159057617,13.743916511535645,0.4286406030602383
123000000003,0.0,0.0,0.0,29.26318359375,21.50556945800781,0.5225711041904517
123000000004,0.0,0.0,0.0,25.662824630737305,21.46824073791504,0.44718938145744436
123000000005,0.0,0.0,0.0,22.570402145385746,18.357120513916016,0.32487245943122034
123000000006,0.0,0.0,0.0,30.007434844970703,28.30808448791504,0.6651979554330448
123000000007,0.0,0.0,0.0,30.22933006286621,19.66801643371582,0.5082550471323988
123000000008,0.0,0.0,0.0,29.04258155822754,21.59187126159668,0.5196086713682131
123000000009,0.0,0.0,0.0,26.1605224609375,23.3370418548584,0.49245483773313997
124000000000,0.0,0.0,0.0,30.875831604003903,22.154926300048828,0.5681641546812279
124000000001,0.0,0.0,0.0,38.48345947265625,17.382972717285156,0.6367498608066627
124000000002,0.0,0.0,0.0,24.115131378173828,14.336535453796388,0.2817414285893247
124000000003,0.0,0.0,0.0,18.641891479492188,20.699657440185547,0.2871807616936423
124000000004,0.0,0.0,0.0,24.296735763549805,27.050893783569336,0.5232324485239718
124000000005,0.0,0.0,0.0,28.939546585083008,21.935985565185547,0.523905374727488
124000000006,0.0,0.0,0.0,30.668819427490234,24.494762420654297,0.6076185851244006
124000000007,0.0,0.0,0.0,30.56504821777344,14.32923984527588,0.4153983886751578
124000000008,0.0,0.0,0.0,31.23910522460937,20.395883560180664,0.5428103785304289
124000000009,0.0,0.0,0.0,30.510393142700195,21.00271415710449,0.5390404757299012
211000000000,0.0,0.0,0.0,28.71979331970215,27.181196212768555,0.6174181135744259
211000000001,0.0,0.0,0.0,22.91684913635254,23.106843948364254,0.42086586763409783
211000000002,0.0,0.0,0.0,23.426319122314453,28.72718048095703,0.5365190283802923
211000000003,0.0,0.0,0.0,25.443878173828125,31.231964111328125,0.6252027557495868
211000000004,0.0,0.0,0.0,26.436697006225582,26.91220092773437,0.5650293954800774
211000000005,0.0,0.0,0.0,28.53471946716309,23.885971069335938,0.5519672994171498
211000000006,0.0,0.0,0.0,27.30424118041992,27.61032485961914,0.5960782521638179
211000000007,0.0,0.0,0.0,28.530187606811523,30.825218200683597,0.6816183425641176
211000000008,0.0,0.0,0.0,31.85386657714844,23.777660369873047,0.6187926640184123
211000000009,0.0,0.0,0.0,31.60936546325684,30.3977165222168,0.7374979196423805
212000000000,0.0,0.0,0.0,26.60856437683105,26.37166976928711,0.5584880508027744
212000000001,0.0,0.0,0.0,30.91284942626953,22.92064476013184,0.58324888387578
212000000002,0.0,0.0,0.0,27.065092086791992,27.20276641845703,0.583497246347536
212000000003,0.0,0.0,0.0,30.82162857055664,17.881349563598633,0.4871355355082793
212000000004,0.0,0.0,0.0,29.731351852416992,21.90348052978516,0.5397223723773361
212000000005,0.0,0.0,0.0,30.614160537719727,15.280320167541504,0.43419976189350357
212000000006,0.0,0.0,0.0,32.861427307128906,26.58755874633789,0.6922303826215914
212000000007,0.0,0.0,0.0,27.392406463623047,27.26312828063965,0.5914154703347956
212000000008,0.0,0.0,0.0,35.33551788330078,15.350736618041992,0.5334534814052244
212000000009,0.0,0.0,0.0,28.88737678527832,18.57884788513184,0.4600538498014308
213000000000,0.0,0.0,0.0,37.06410217285156,26.909183502197266,0.7854217629870901
213000000001,0.0,0.0,0.0,34.61899185180664,26.46318626403809,0.7263628642791196
213000000002,0.0,0.0,0.0,22.90952491760254,28.42772674560547,0.5201999759418432
213000000003,0.0,0.0,0.0,32.91012954711914,26.07754135131836,0.6837046956495596
213000000004,0.0,0.0,0.0,21.45813369750977,27.912092208862305,0.48045218707047144
213000000005,0.0,0.0,0.0,28.412412643432617,27.443588256835938,0.6159480031044156
213000000006,0.0,0.0,0.0,24.78500366210937,24.51620864868164,0.4859690784822025
213000000007,0.0,0.0,0.0,37.77310180664063,20.150182723999023,0.673753911079308
213000000008,0.0,0.0,0.0,26.440473556518555,24.799116134643555,0.5255987951610505
213000000009,0.0,0.0,0.0,26.489547729492188,28.54107666015625,0.5965812468331668
214000000000,0.0,0.0,0.0,24.636859893798828,26.667236328125,0.5231144369848928
214000000001,0.0,0.0,0.0,24.520811080932617,28.672834396362305,0.5582064165774716
214000000002,0.0,0.0,0.0,33.93381881713867,27.862215042114254,0.7383080619862887
214000000003,0.0,0.0,0.0,27.66203117370605,17.33345603942871,0.4113505440864216
214000000004,0.0,0.0,0.0,27.5529727935791,26.99546241760254,0.5897415423076398
214000000005,0.0,0.0,0.0,32.39505386352539,17.472576141357422,0.5121308142308842
214000000006,0.0,0.0,0.0,24.56114196777344,21.96838760375977,0.43368809563616734
214000000007,0.0,0.0,0.0,33.21570587158203,23.416370391845703,0.6402867356581698
214000000008,0.0,0.0,0.0,32.11988830566406,17.51641273498535,0.5072425631208158
214000000009,0.0,0.0,0.0,37.05112838745117,20.80095672607422,0.6709454133938122
221000000000,0.0,0.0,0.0,33.87059020996094,23.221418380737305,0.6502262075901795
221000000001,0.0,0.0,0.0,26.105363845825195,22.118959426879883,0.4685358304019551
221000000002,0.0,0.0,0.0,33.55257034301758,25.248485565185547,0.6815300297966302
221000000003,0.0,0.0,0.0,24.75542259216309,27.81623268127441,0.54705694046689
221000000004,0.0,0.0,0.0,26.95142936706543,25.32594871520996,0.5460481053347238
221000000005,0.0,0.0,0.0,29.02507209777832,27.982879638671875,0.6387399409164222
221000000006,0.0,0.0,0.0,21.467416763305664,26.66610145568848,0.4573481111511508
221000000007,0.0,0.0,0.0,30.97473907470703,23.97938346862793,0.604328221689068
221000000008,0.0,0.0,0.0,28.80083656311035,25.978294372558597,0.5966082350268701
221000000009,0.0,0.0,0.0,25.6533317565918,27.559873580932617,0.560889434156405
222000000000,0.0,0.0,0.0,33.022220611572266,27.306610107421875,0.7090100914481693
222000000001,0.0,0.0,0.0,33.971923828125,21.80097198486328,0.6257697293565267
222000000002,0.0,0.0,0.0,30.415529251098636,18.604101181030277,0.4922251342709404
222000000003,0.0,0.0,0.0,28.005281448364254,22.88993263244629,0.5223617314713113
222000000004,0.0,0.0,0.0,26.36647224426269,20.399560928344727,0.44180403709419236
222000000005,0.0,0.0,0.0,33.38924026489258,19.602636337280277,0.572579978352136
222000000006,0.0,0.0,0.0,32.410926818847656,17.997562408447266,0.5222758891413499
222000000007,0.0,0.0,0.0,31.382049560546875,20.786190032958984,0.5530732032519852
222000000008,0.0,0.0,0.0,33.558433532714844,24.326313018798828,0.664409533747311
222000000009,0.0,0.0,0.0,22.13547134399414,22.635417938232425,0.39584303146647715
223000000000,0.0,0.0,0.0,33.84468078613281,16.242876052856445,0.5192089946305598
223000000001,0.0,0.0,0.0,39.64038848876953,27.22337913513184,0.8447373695738077
223000000002,0.0,0.0,0.0,27.57240867614746,21.337390899658203,0.4843541593312189
223000000003,0.0,0.0,0.0,37.48506546020508,29.791969299316406,0.8480542379030169
223000000004,0.0,0.0,0.0,32.544803619384766,30.303550720214844,0.7551414667474103
223000000005,0.0,0.0,0.0,27.66433906555176,21.008583068847656,0.48011329828232574
223000000006,0.0,0.0,0.0,35.019874572753906,25.600948333740234,0.7185570406898472
223000000007,0.0,0.0,0.0,27.92415809631348,25.106508255004883,0.562122891244723
223000000008,0.0,0.0,0.0,23.89214134216309,28.44193649291992,0.5408484899689012
223000000009,0.0,0.0,0.0,33.200199127197266,21.69147491455078,0.6077142182464002
224000000000,0.0,0.0,0.0,33.39207458496094,19.882761001586918,0.5778763412572184
224000000001,0.0,0.0,0.0,27.394821166992188,28.537017822265625,0.6152838295257219
224000000002,0.0,0.0,0.0,25.933868408203125,21.30289459228516,0.4497202345574411
224000000003,0.0,0.0,0.0,26.25634765625,23.31296157836914,0.4939923448316411
224000000004,0.0,0.0,0.0,25.698904037475582,17.57339859008789,0.37511483614267355
224000000005,0.0,0.0,0.0,32.85578155517578,27.161327362060547,0.7028411830867134
224000000006,0.0,0.0,0.0,26.544404983520508,23.629648208618164,0.5058888192087547
224000000007,0.0,0.0,0.0,33.836021423339844,20.045528411865234,0.5901286272459725
224000000008,0.0,0.0,0.0,28.58497428894043,22.396020889282227,0.5251517402440586
224000000009,0.0,0.0,0.0,26.055030822753903,23.59718132019043,0.4951304803463738
311000000000,0.0,0.0,0.0,35.818695068359375,21.18777847290039,0.6526130395769537
311000000001,0.0,0.0,0.0,34.18036651611328,19.27374839782715,0.5828413366159664
311000000002,0.0,0.0,0.0,26.698564529418945,32.17861557006836,0.668929056211226
311000000003,0.0,0.0,0.0,24.919347763061523,23.361143112182617,0.4671592510755856
311000000004,0.0,0.0,0.0,28.18084526062012,30.73739624023437,0.6727297538826262
311000000005,0.0,0.0,0.0,27.22989845275879,29.29664802551269,0.6260657864420094
311000000006,0.0,0.0,0.0,33.76056671142578,26.008495330810547,0.7000547026291555
311000000007,0.0,0.0,0.0,27.967269897460938,23.58819580078125,0.5346288639635731
311000000008,0.0,0.0,0.0,25.350725173950195,27.176834106445312,0.5474505406526291
311000000009,0.0,0.0,0.0,33.154022216796875,26.007509231567383,0.6874544548423914
312000000000,0.0,0.0,0.0,29.329057693481445,24.877086639404297,0.5869757608070373
312000000001,0.0,0.0,0.0,25.003665924072266,22.32759094238281,0.44958368381177694
312000000002,0.0,0.0,0.0,26.464160919189453,20.894142150878903,0.4530777586283118
312000000003,0.0,0.0,0.0,25.35529899597168,25.64165496826172,0.5188417425608447
312000000004,0.0,0.0,0.0,31.610092163085938,25.069129943847656,0.6378829164377929
312000000005,0.0,0.0,0.0,26.32231903076172,31.689239501953125,0.6519744342452671
312000000006,0.0,0.0,0.0,30.032421112060547,19.863704681396484,0.5078293190613102
312000000007,0.0,0.0,0.0,30.802417755126957,30.663240432739254,0.725723635152224
312000000008,0.0,0.0,0.0,26.377559661865234,23.65612030029297,0.5029228318642034
312000000009,0.0,0.0,0.0,28.30195999145508,28.33505630493164,0.6303248648418172
313000000000,0.0,0.0,0.0,23.27602195739746,28.63434600830078,0.5316655982006896
313000000001,0.0,0.0,0.0,34.95392608642578,18.638744354248047,0.5870147631096287
313000000002,0.0,0.0,0.0,28.82561492919922,23.27203369140625,0.5465225083929502
313000000003,0.0,0.0,0.0,22.722797393798828,22.65267372131348,0.408348821719645
313000000004,0.0,0.0,0.0,31.36125946044922,15.6389799118042,0.45640311439594716
313000000005,0.0,0.0,0.0,27.97050666809082,25.02853202819824,0.5616263760029687
313000000006,0.0,0.0,0.0,35.406639099121094,20.87440490722656,0.6382063539308251
313000000007,0.0,0.0,0.0,24.83309555053711,24.98773765563965,0.49578297904197066
313000000008,0.0,0.0,0.0,28.562477111816406,26.23004913330078,0.5963709729118026
313000000009,0.0,0.0,0.0,32.94314193725586,23.60637664794922,0.6381854262983864
314000000000,0.0,0.0,0.0,30.75248146057129,24.142656326293945,0.602770595877128
314000000001,0.0,0.0,0.0,30.049331665039062,17.967195510864258,0.47272053809091075
314000000002,0.0,0.0,0.0,30.97851181030273,24.900161743164062,0.6216225307430954
314000000003,0.0,0.0,0.0,25.61283493041992,26.959943771362305,0.5488323353917605
314000000004,0.0,0.0,0.0,26.11175537109375,24.88649559020996,0.52041381222129
314000000005,0.0,0.0,0.0,27.88821601867676,24.07984733581543,0.5421815623495595
314000000006,0.0,0.0,0.0,22.98859977722168,26.80712890625,0.49153948714977513
314000000007,0.0,0.0,0.0,25.449764251708984,21.6099853515625,0.44542001818971594
314000000008,0.0,0.0,0.0,25.418825149536133,22.75331115722656,0.4661553184243207
314000000009,0.0,0.0,0.0,22.080869674682617,29.022186279296875,0.5141256044088635
321000000000,0.0,0.0,0.0,30.862972259521484,17.749847412109375,0.48553441263076125
321000000001,0.0,0.0,0.0,27.222579956054688,18.507699966430664,0.4241899885557362
321000000002,0.0,0.0,0.0,19.49096298217773,28.88449478149414,0.45782761186611887
321000000003,0.0,0.0,0.0,30.10283660888672,22.664386749267575,0.5616551156234366
321000000004,0.0,0.0,0.0,23.04903221130371,22.71372604370117,0.4162575616767368
321000000005,0.0,0.0,0.0,27.706172943115234,11.920295715332031,0.3110548190951184
321000000006,0.0,0.0,0.0,29.569276809692383,16.380096435546875,0.4330881196106126
321000000007,0.0,0.0,0.0,26.831029891967773,16.342132568359375,0.37557767816201515
321000000008,0.0,0.0,0.0,20.196239471435547,20.553415298461918,0.31668893281599303
321000000009,0.0,0.0,0.0,31.21634101867676,24.708784103393555,0.6229776817649604
322000000000,0.0,0.0,0.0,30.47739601135254,21.57563018798828,0.549067973882019
322000000001,0.0,0.0,0.0,30.192476272583008,24.53380012512207,0.598467495382605
322000000002,0.0,0.0,0.0,27.4267578125,21.302404403686523,0.4806787091961612
322000000003,0.0,0.0,0.0,31.140811920166016,25.195297241210938,0.6305074221136078
322000000004,0.0,0.0,0.0,30.15785026550293,16.464191436767578,0.4468694969410618
322000000005,0.0,0.0,0.0,28.774423599243164,24.8089599609375,0.5741969662961552
322000000006,0.0,0.0,0.0,32.48613739013672,14.248627662658691,0.4537411298250674
322000000007,0.0,0.0,0.0,24.460857391357425,23.47013664245605,0.45968647289992726
322000000008,0.0,0.0,0.0,26.165760040283203,28.04627799987793,0.5806133917924347
322000000009,0.0,0.0,0.0,26.23448944091797,28.372005462646484,0.588129292688937
323000000000,0.0,0.0,0.0,28.15331268310547,23.0412712097168,0.5282620261467349
323000000001,0.0,0.0,0.0,28.10115623474121,29.834253311157227,0.6541904139315868
323000000002,0.0,0.0,0.0,28.243974685668945,25.28092193603516,0.5720180442759413
323000000003,0.0,0.0,0.0,35.29850387573242,16.032814025878906,0.5454386766604423
323000000004,0.0,0.0,0.0,26.319868087768555,18.29020881652832,0.4013981593360663
323000000005,0.0,0.0,0.0,23.9631404876709,24.37854766845703,0.46634693517129094
323000000006,0.0,0.0,0.0,31.335737228393555,24.23108291625977,0.616522655073439
323000000007,0.0,0.0,0.0,31.150596618652344,21.902149200439453,0.5691374779236036
323000000008,0.0,0.0,0.0,29.066335678100582,24.1801872253418,0.5684958825447683
323000000009,0.0,0.0,0.0,26.16017341613769,26.371904373168945,0.5491912728610402
324000000000,0.0,0.0,0.0,34.78093338012695,17.690750122070312,0.5657013878431532
324000000001,0.0,0.0,0.0,28.169652938842773,23.26079368591309,0.5327054523148129
324000000002,0.0,0.0,0.0,29.872949600219727,16.012126922607422,0.4325073042891777
324000000003,0.0,0.0,0.0,28.28336334228516,22.935890197753903,0.5289893839494244
324000000004,0.0,0.0,0.0,25.51603126525879,18.71173667907715,0.39260525490558035
324000000005,0.0,0.0,0.0,26.303491592407227,29.04366874694824,0.6021189104317093
324000000006,0.0,0.0,0.0,28.424711227416992,24.856426239013672,0.5678302241475242
324000000007,0.0,0.0,0.0,20.019296646118164,24.193340301513672,0.3810752309932579
324000000008,0.0,0.0,0.0,22.514930725097656,23.735240936279297,0.4242780177876224
324000000009,0.0,0.0,0.0,21.779844284057617,16.748899459838867,0.27840422148263383
411000000000,0.0,0.0,0.0,27.904067993164062,30.56181907653809,0.6637056298483361
411000000001,0.0,0.0,0.0,24.298492431640625,28.350645065307617,0.5475707020160476
411000000002,0.0,0.0,0.0,34.96284484863281,25.44038963317871,0.7143720378211522
411000000003,0.0,0.0,0.0,27.38788414001465,25.652795791625977,0.5612128237513911
411000000004,0.0,0.0,0.0,27.45580673217773,25.87882804870605,0.5668479594602782
412000000000,0.0,0.0,0.0,32.747947692871094,21.54119110107422,0.5955230758019412
412000000001,0.0,0.0,0.0,27.43869972229004,23.973031997680664,0.5308598983071093
412000000002,0.0,0.0,0.0,25.5025691986084,21.51366233825684,0.4447143952711793
412000000003,0.0,0.0,0.0,32.628231048583984,27.853124618530277,0.7110557334438186
412000000004,0.0,0.0,0.0,28.921838760375977,25.984281539916992,0.5992301788134005
413000000000,0.0,0.0,0.0,25.1317138671875,25.02227210998535,0.5026230461619918
413000000001,0.0,0.0,0.0,27.968509674072266,26.490703582763672,0.5889235830709183
413000000002,0.0,0.0,0.0,31.942108154296875,30.06543731689453,0.7381874253200379
413000000003,0.0,0.0,0.0,24.5218505859375,21.83610725402832,0.4303997750005504
413000000004,0.0,0.0,0.0,22.79046058654785,28.235063552856445,0.5141278961456175
414000000000,0.0,0.0,0.0,27.516151428222656,27.91652107238769,0.6061990330092678
414000000001,0.0,0.0,0.0,24.49815368652344,29.57048797607422,0.5745201053006546
414000000002,0.0,0.0,0.0,26.63350486755371,26.54324150085449,0.5622133267845681
414000000003,0.0,0.0,0.0,32.311222076416016,20.23966789245605,0.56212894620989
414000000004,0.0,0.0,0.0,22.66327667236328,28.173524856567383,0.5103390598623242
421000000000,0.0,0.0,0.0,25.83992958068848,25.71175765991211,0.5302053705741374
421000000001,0.0,0.0,0.0,27.478626251220703,24.067575454711918,0.533455816804395
421000000002,0.0,0.0,0.0,30.77109718322754,24.70708274841309,0.6137099888149115
421000000003,0.0,0.0,0.0,27.13460922241211,25.514930725097656,0.5533813326111781
421000000004,0.0,0.0,0.0,21.49092102050781,26.68829917907715,0.4582507070132246
422000000000,0.0,0.0,0.0,36.86922454833984,17.045364379882812,0.5969527414914112
422000000001,0.0,0.0,0.0,27.78400611877441,21.006378173828125,0.48255437732072026
422000000002,0.0,0.0,0.0,29.710071563720703,23.837173461914062,0.575435745278609
422000000003,0.0,0.0,0.0,33.80249786376953,24.517608642578125,0.6730489718849604
422000000004,0.0,0.0,0.0,32.92715835571289,17.616214752197266,0.5258541353986188
423000000000,0.0,0.0,0.0,35.1290397644043,23.840476989746094,0.6879054743141347
423000000001,0.0,0.0,0.0,26.03483772277832,29.75105857849121,0.609772374996731
423000000002,0.0,0.0,0.0,28.29934501647949,22.13942146301269,0.5144290993423971
423000000003,0.0,0.0,0.0,28.34095001220703,22.715238571166992,0.5260583433996007
423000000004,0.0,0.0,0.0,37.036903381347656,21.362934112548828,0.6811577868217378
424000000000,0.0,0.0,0.0,24.624101638793945,21.899682998657227,0.433709505601502
424000000001,0.0,0.0,0.0,21.83148765563965,16.403118133544922,0.27301031148456584
424000000002,0.0,0.0,0.0,31.175968170166016,22.819713592529297,0.5868197295407904
424000000003,0.0,0.0,0.0,23.463279724121094,23.32908821105957,0.4363560730098973
424000000004,0.0,0.0,0.0,36.22088623046875,20.88826560974121,0.6553557859135759
511000000000,0.0,0.0,0.0,37.06972885131836,24.346620559692383,0.7376255216655683
511000000001,0.0,0.0,0.0,24.746538162231445,33.925025939941406,0.6610904674863078
511000000002,0.0,0.0,0.0,30.35960578918457,19.206768035888672,0.5023333212959561
511000000003,0.0,0.0,0.0,30.06897735595703,27.623188018798828,0.6536688565768529
511000000004,0.0,0.0,0.0,24.17984962463379,26.846837997436523,0.5169925413805525
512000000000,0.0,0.0,0.0,27.19658851623535,24.4406795501709,0.5345814200133873
512000000001,0.0,0.0,0.0,26.9287166595459,29.01106834411621,0.6144786810314931
512000000002,0.0,0.0,0.0,21.755672454833984,23.839740753173828,0.4104822629577933
512000000003,0.0,0.0,0.0,26.341642379760746,25.95072364807129,0.5450806266306853
512000000004,0.0,0.0,0.0,29.50826835632324,22.84112548828125,0.5526262672561029
513000000000,0.0,0.0,0.0,29.14552879333496,24.0329647064209,0.5673859582955201
513000000001,0.0,0.0,0.0,33.197532653808594,25.321977615356445,0.675539433483453
513000000002,0.0,0.0,0.0,31.839679718017575,26.606660842895508,0.6713929950918223
513000000003,0.0,0.0,0.0,29.52042388916016,29.62692642211914,0.6797544375142633
513000000004,0.0,0.0,0.0,31.650653839111328,25.705659866333008,0.6506256829847632
514000000000,0.0,0.0,0.0,24.797779083251957,26.38052749633789,0.5210917767457842
514000000001,0.0,0.0,0.0,25.47035789489746,27.034076690673828,0.5472629576291108
514000000002,0.0,0.0,0.0,19.73519897460937,30.486736297607425,0.49285146184194334
514000000003,0.0,0.0,0.0,23.47994804382324,26.080698013305664,0.48814945110773345
514000000004,0.0,0.0,0.0,30.44326400756836,29.18379211425781,0.6906118961564457
521000000000,0.0,0.0,0.0,26.838722229003903,23.97538185119629,0.5184582458662819
521000000001,0.0,0.0,0.0,24.399314880371094,27.768123626708984,0.5387705382666976
521000000002,0.0,0.0,0.0,28.789085388183597,27.16448211669922,0.6185429602795192
521000000003,0.0,0.0,0.0,29.132041931152344,27.33936882019043,0.6289269594434472
521000000004,0.0,0.0,0.0,26.095924377441406,30.72259521484375,0.6292046143733888
522000000000,0.0,0.0,0.0,37.10643768310547,23.131616592407227,0.7156697186990422
522000000001,0.0,0.0,0.0,26.29261016845703,29.35092544555664,0.6076380570788227
522000000002,0.0,0.0,0.0,32.162845611572266,23.122468948364254,0.61295164980624
522000000003,0.0,0.0,0.0,30.26353454589844,28.35609245300293,0.6714079588326198
522000000004,0.0,0.0,0.0,24.52119255065918,26.721059799194336,0.5217214526246101
523000000000,0.0,0.0,0.0,29.218467712402344,26.50948715209961,0.6152031959244539
523000000001,0.0,0.0,0.0,23.88465118408203,28.37598991394043,0.539460096754993
523000000002,0.0,0.0,0.0,32.802120208740234,28.09809684753418,0.719243104705717
523000000003,0.0,0.0,0.0,27.54121208190918,28.17470359802246,0.6115461878857931
523000000004,0.0,0.0,0.0,28.21418571472168,26.16799736022949,0.5879860169340277
524000000000,0.0,0.0,0.0,25.909326553344727,24.865684509277344,0.5158256345468206
524000000001,0.0,0.0,0.0,23.733253479003903,28.033504486083984,0.5299160436886079
524000000002,0.0,0.0,0.0,22.15300750732422,27.40252685546875,0.48533876373417073
524000000003,0.0,0.0,0.0,32.24961471557617,26.44900131225586,0.6769486466358887
524000000004,0.0,0.0,0.0,23.14839744567871,26.8366641998291,0.4954064678138602
611000000000,0.0,0.0,0.0,29.247602462768555,20.820634841918945,0.5094414835839436
611000000001,0.0,0.0,0.0,19.95429801940918,29.435152053833008,0.4777345610287791
611000000002,0.0,0.0,0.0,23.965782165527344,23.04149627685547,0.44140250782633383
611000000003,0.0,0.0,0.0,24.4395809173584,31.598716735839844,0.6112274672974186
611000000004,0.0,0.0,0.0,26.053442001342773,27.4108829498291,0.5664033715200391
612000000000,0.0,0.0,0.0,28.42152214050293,25.9918212890625,0.5889928711889908
612000000001,0.0,0.0,0.0,26.143930435180664,22.18169212341309,0.4705087643851483
612000000002,0.0,0.0,0.0,35.731571197509766,21.77080726623535,0.6617068449070022
612000000003,0.0,0.0,0.0,32.31166076660156,23.85343360900879,0.6297056370877692
612000000004,0.0,0.0,0.0,28.86216163635254,29.64040946960449,0.6663519199679567
613000000000,0.0,0.0,0.0,20.01146697998047,23.97030639648437,0.37674268943522676
613000000001,0.0,0.0,0.0,28.47916984558105,21.54003524780273,0.5069523901110726
613000000002,0.0,0.0,0.0,27.086162567138672,30.84954261779785,0.6521191174765137
613000000003,0.0,0.0,0.0,27.559770584106445,21.90106201171875,0.49463111885466915
613000000004,0.0,0.0,0.0,22.834278106689453,23.35907745361328,0.42386914222531585
614000000000,0.0,0.0,0.0,33.75405502319336,24.385543823242188,0.669574848480863
614000000001,0.0,0.0,0.0,32.464996337890625,24.590829849243164,0.6466736463333618
614000000002,0.0,0.0,0.0,37.7735481262207,21.087799072265625,0.6912940450573274
614000000003,0.0,0.0,0.0,32.789669036865234,30.66006851196289,0.7668867273660556
614000000004,0.0,0.0,0.0,33.31696319580078,17.524913787841797,0.5322329432464701
621000000000,0.0,0.0,0.0,22.559329986572266,27.763330459594727,0.5005133298878325
621000000001,0.0,0.0,0.0,33.51968765258789,22.71433448791504,0.633466196869506
621000000002,0.0,0.0,0.0,28.87270736694336,18.20449447631836,0.45275016516080274
621000000003,0.0,0.0,0.0,20.801931381225582,21.32860374450684,0.3437469734455813
621000000004,0.0,0.0,0.0,26.972553253173828,22.51582717895508,0.4939446567367933
622000000000,0.0,0.0,0.0,39.86919021606445,19.275287628173828,0.7008758054763043
622000000001,0.0,0.0,0.0,23.02467918395996,20.766462326049805,0.37934386071089743
622000000002,0.0,0.0,0.0,30.863161087036133,24.807191848754883,0.6174914774467213
622000000003,0.0,0.0,0.0,35.38739776611328,19.68379592895508,0.615546072850811
622000000004,0.0,0.0,0.0,33.8309211730957,19.048940658569336,0.5713893499088498
623000000000,0.0,0.0,0.0,32.75856399536133,24.36038017272949,0.6484544628829456
623000000001,0.0,0.0,0.0,24.57953643798828,26.160017013549805,0.5124417304072983
623000000002,0.0,0.0,0.0,31.78709983825684,24.89150619506836,0.6382335808859043
623000000003,0.0,0.0,0.0,36.33671951293945,30.13150405883789,0.8305819861405148
623000000004,0.0,0.0,0.0,32.74854278564453,22.045581817626957,0.6049661547283471
624000000000,0.0,0.0,0.0,25.44266700744629,22.5446891784668,0.46274921658608836
624000000001,0.0,0.0,0.0,26.63868904113769,28.948467254638672,0.6072920446714509
624000000002,0.0,0.0,0.0,23.801664352416992,27.24822998046875,0.5166526218998246
624000000003,0.0,0.0,0.0,20.41368103027344,27.71196746826172,0.4550448728009017
624000000004,0.0,0.0,0.0,23.619558334350582,19.374691009521484,0.36566135335421435
711000000000,0.0,0.0,0.0,26.856544494628903,22.70196914672852,0.49501858628794904
711000000001,0.0,0.0,0.0,33.068199157714844,23.95556640625,0.6473084402361116
711000000002,0.0,0.0,0.0,25.687639236450195,25.670778274536133,0.5262801441357812
711000000003,0.0,0.0,0.0,32.943241119384766,28.44099998474121,0.7285817918833499
711000000004,0.0,0.0,0.0,28.054149627685547,21.878278732299805,0.5044602482488186
712000000000,0.0,0.0,0.0,27.89579963684082,17.689987182617188,0.4228658654972154
712000000001,0.0,0.0,0.0,30.76634788513184,18.94823837280273,0.5059367439725643
712000000002,0.0,0.0,0.0,32.338722229003906,19.31624984741211,0.5454339874462677
712000000003,0.0,0.0,0.0,30.536827087402344,27.39974594116211,0.6591959033494733
712000000004,0.0,0.0,0.0,28.447097778320312,20.125965118408203,0.47984783985016227
713000000000,0.0,0.0,0.0,22.26642227172852,22.387889862060547,0.39393130040361035
713000000001,0.0,0.0,0.0,29.41067695617676,28.19019317626953,0.6506149058355609
713000000002,0.0,0.0,0.0,39.29761505126953,24.969282150268555,0.7954815909809674
713000000003,0.0,0.0,0.0,26.86483383178711,25.53246688842773,0.5481131455123066
713000000004,0.0,0.0,0.0,25.705093383789062,30.586429595947266,0.618551514094617
714000000000,0.0,0.0,0.0,25.53185272216797,25.357208251953125,0.51718569157412
714000000001,0.0,0.0,0.0,26.83523178100586,26.79394149780273,0.5710852420857357
714000000002,0.0,0.0,0.0,25.984834671020508,27.037965774536133,0.558007683492378
714000000003,0.0,0.0,0.0,38.49996566772461,24.15519905090332,0.763714470595036
714000000004,0.0,0.0,0.0,25.72574806213379,25.46539878845215,0.5232306138725382
721000000000,0.0,0.0,0.0,25.28994369506836,22.94295310974121,0.46702766436538923
721000000001,0.0,0.0,0.0,28.51551055908203,24.01535415649414,0.553987952728356
721000000002,0.0,0.0,0.0,25.69133758544922,28.292999267578125,0.5753852617675634
721000000003,0.0,0.0,0.0,23.676660537719727,22.501575469970703,0.4253100842127373
721000000004,0.0,0.0,0.0,35.40742111206055,29.567575454711918,0.80076122294177
722000000000,0.0,0.0,0.0,37.10019302368164,19.501502990722656,0.6476669311395701
722000000001,0.0,0.0,0.0,32.28403091430664,13.898828506469728,0.4430084563312847
722000000002,0.0,0.0,0.0,27.93234634399414,20.634824752807617,0.47868442320051874
722000000003,0.0,0.0,0.0,32.971649169921875,24.022279739379883,0.64655302067371
722000000004,0.0,0.0,0.0,33.700416564941406,25.171157836914062,0.6831510486373112
723000000000,0.0,0.0,0.0,28.529296875,21.93489646911621,0.5153750273792981
723000000001,0.0,0.0,0.0,24.617822647094727,26.016855239868164,0.5105591816991321
723000000002,0.0,0.0,0.0,28.9703426361084,30.841529846191406,0.6910536489427732
723000000003,0.0,0.0,0.0,24.83157730102539,27.31140899658203,0.53919781999044
723000000004,0.0,0.0,0.0,27.746692657470703,21.85224151611328,0.4975957124234491
724000000000,0.0,0.0,0.0,32.458980560302734,21.844074249267575,0.5951919988281009
724000000001,0.0,0.0,0.0,18.69284439086914,27.065526962280277,0.4072621471166045
724000000002,0.0,0.0,0.0,30.00498390197754,20.92687225341797,0.5271385195612355
724000000003,0.0,0.0,0.0,34.00490951538086,24.786386489868164,0.6822730976380421
724000000004,0.0,0.0,0.0,21.89950561523437,24.10496711730957,0.418424867078111
811000000000,0.0,0.0,0.0,31.39295959472656,18.48941802978516,0.5103561245482863
811000000001,0.0,0.0,0.0,22.30028915405273,30.128074645996094,0.5393542208825975
811000000002,0.0,0.0,0.0,24.393768310546875,22.616390228271484,0.4423320794583956
811000000003,0.0,0.0,0.0,32.79585266113281,24.045982360839844,0.6433495734863475
811000000004,0.0,0.0,0.0,27.4254093170166,27.429706573486328,0.5952146236103837
811000000005,0.0,0.0,0.0,23.334074020385746,23.732406616210938,0.44121686146260897
811000000006,0.0,0.0,0.0,22.782621383666992,18.867759704589844,0.33882217748346194
811000000007,0.0,0.0,0.0,24.306316375732425,28.3267879486084,0.5472869342151168
811000000008,0.0,0.0,0.0,29.699331283569336,23.658920288085938,0.5718801055044838
811000000009,0.0,0.0,0.0,23.65043067932129,25.118457794189453,0.4736945697221358
812000000000,0.0,0.0,0.0,26.303197860717773,20.62948608398437,0.4447904847544699
812000000001,0.0,0.0,0.0,22.6212158203125,21.581867218017575,0.38622050248096357
812000000002,0.0,0.0,0.0,29.89339256286621,25.011571884155277,0.6011965073439427
812000000003,0.0,0.0,0.0,37.929298400878906,16.64266586303711,0.6114129371687987
812000000004,0.0,0.0,0.0,23.23529052734375,19.56068992614746,0.3611679967063547
812000000005,0.0,0.0,0.0,27.47174644470215,28.609699249267575,0.6182384682985321
812000000006,0.0,0.0,0.0,33.87666320800781,27.8005428314209,0.7359693562611884
812000000007,0.0,0.0,0.0,35.446327209472656,28.260469436645508,0.7771289409207371
812000000008,0.0,0.0,0.0,23.14780807495117,22.906200408935547,0.42190525860395095
812000000009,0.0,0.0,0.0,26.573583602905277,23.969518661499023,0.5128487368809957
813000000000,0.0,0.0,0.0,26.015077590942383,28.13871192932129,0.5792159847594587
813000000001,0.0,0.0,0.0,29.767667770385746,22.91859245300293,0.5594555211853556
813000000002,0.0,0.0,0.0,30.01802635192871,22.88096618652344,0.5639453068634943
813000000003,0.0,0.0,0.0,31.622926712036133,23.50431060791016,0.6088912830291084
813000000004,0.0,0.0,0.0,26.15423393249512,27.760929107666016,0.5750390525840302
813000000005,0.0,0.0,0.0,29.70342445373535,23.577266693115234,0.570438311712339
813000000006,0.0,0.0,0.0,25.77493667602539,23.59056854248047,0.4891967273788813
813000000007,0.0,0.0,0.0,28.94928932189941,25.422786712646484,0.5893011712510727
813000000008,0.0,0.0,0.0,34.02293395996094,24.388917922973636,0.675215405108034
813000000009,0.0,0.0,0.0,28.30141830444336,23.128318786621094,0.5329617969932412
814000000000,0.0,0.0,0.0,27.969566345214844,23.29403686523437,0.5291765280527823
814000000001,0.0,0.0,0.0,28.04783058166504,27.897918701171875,0.6168800660589234
814000000002,0.0,0.0,0.0,41.06378173828125,24.98810195922852,0.8324698169577089
814000000003,0.0,0.0,0.0,25.494972229003903,20.253328323364254,0.4209919896121871
814000000004,0.0,0.0,0.0,26.940391540527344,23.712892532348636,0.5156593792354127
814000000005,0.0,0.0,0.0,27.824520111083984,26.544708251953125,0.586946486771066
814000000006,0.0,0.0,0.0,16.959758758544922,28.170108795166016,0.39196469103784387
814000000007,0.0,0.0,0.0,33.4627571105957,20.142831802368164,0.5842051556362469
814000000008,0.0,0.0,0.0,31.384227752685547,24.07797622680664,0.6146658359361754
814000000009,0.0,0.0,0.0,29.74235343933105,25.602304458618164,0.6091085311606396
821000000000,0.0,0.0,0.0,29.56932830810547,25.52891159057617,0.604147150242903
821000000001,0.0,0.0,0.0,29.11910629272461,25.150320053100582,0.5877293713632017
821000000002,0.0,0.0,0.0,34.3729248046875,22.955535888671875,0.6556750682187804
821000000003,0.0,0.0,0.0,30.278844833374023,23.873550415039062,0.5879142012007754
821000000004,0.0,0.0,0.0,24.714982986450195,28.88562774658203,0.5662128639326311
821000000005,0.0,0.0,0.0,28.103195190429688,22.443944931030277,0.5160540407521663
821000000006,0.0,0.0,0.0,28.71602439880371,26.802143096923828,0.6102526708478445
821000000007,0.0,0.0,0.0,25.69886589050293,24.926666259765625,0.5126001523983426
821000000008,0.0,0.0,0.0,28.018224716186523,22.29649353027344,0.5115345218804902
821000000009,0.0,0.0,0.0,24.28286361694336,23.344621658325195,0.4536474834832805
822000000000,0.0,0.0,0.0,31.07037734985352,17.676864624023438,0.48847212497396614
822000000001,0.0,0.0,0.0,28.22096443176269,27.22750663757324,0.6079365728007504
822000000002,0.0,0.0,0.0,31.18087577819824,20.75002861022949,0.5482240496656113
822000000003,0.0,0.0,0.0,25.06329917907715,18.528350830078125,0.3797852240549375
822000000004,0.0,0.0,0.0,29.09862327575684,27.460325241088867,0.6304952981807832
822000000005,0.0,0.0,0.0,24.65618324279785,24.611736297607425,0.48508300897662104
822000000006,0.0,0.0,0.0,30.47475242614746,16.543170928955078,0.4549198349484793
822000000007,0.0,0.0,0.0,35.04397964477539,22.12722969055176,0.6541079709111617
822000000008,0.0,0.0,0.0,30.08439826965332,13.249691009521484,0.3852434350839727
822000000009,0.0,0.0,0.0,23.64695167541504,24.601951599121094,0.4639651421014719
823000000000,0.0,0.0,0.0,26.950857162475582,28.96280670166016,0.6140355894379392
823000000001,0.0,0.0,0.0,22.287498474121094,25.37711334228516,0.4502588426533173
823000000002,0.0,0.0,0.0,35.87342071533203,26.94632148742676,0.7614173304460772
823000000003,0.0,0.0,0.0,32.91389465332031,17.612104415893555,0.5255021486684446
823000000004,0.0,0.0,0.0,29.47327995300293,20.978317260742188,0.5170710401440533
823000000005,0.0,0.0,0.0,19.985145568847656,21.86571502685547,0.33684655822193255
823000000006,0.0,0.0,0.0,38.25526809692383,23.992572784423828,0.7555979359086472
823000000007,0.0,0.0,0.0,32.64640808105469,21.15412139892578,0.5861796456901616
823000000008,0.0,0.0,0.0,35.84880065917969,18.038562774658203,0.5943557636674488
823000000009,0.0,0.0,0.0,27.73003387451172,26.52201271057129,0.5845621736799931
824000000000,0.0,0.0,0.0,30.98845863342285,18.15950584411621,0.4957969284292012
824000000001,0.0,0.0,0.0,31.18112564086914,16.025962829589844,0.4599020500942741
824000000002,0.0,0.0,0.0,22.149349212646484,22.29534149169922,0.3897724013162376
824000000003,0.0,0.0,0.0,18.33440589904785,13.793730735778809,0.15168040943856395
824000000004,0.0,0.0,0.0,21.709592819213867,20.55160903930664,0.3480472927973331
824000000005,0.0,0.0,0.0,30.626014709472656,23.911909103393555,0.5958328967428073
824000000006,0.0,0.0,0.0,25.40104484558105,23.969135284423828,0.4885190986537416
824000000007,0.0,0.0,0.0,23.864057540893555,16.34893035888672,0.31415960903950046
824000000008,0.0,0.0,0.0,27.95673179626465,15.841073036193848,0.3895601409434156
824000000009,0.0,0.0,0.0,26.68376350402832,22.81786727905273,0.49360149659608843
911000000000,0.0,0.0,0.0,24.375247955322266,28.652721405029297,0.5548108805167506
911000000001,0.0,0.0,0.0,38.67381286621094,20.495176315307617,0.6988881855728661
911000000002,0.0,0.0,0.0,26.489625930786133,23.37313842773437,0.49995647871934445
911000000003,0.0,0.0,0.0,26.160425186157227,26.068735122680664,0.5435280549453655
911000000004,0.0,0.0,0.0,30.41769218444824,25.54960250854492,0.6221319868303941
911000000005,0.0,0.0,0.0,22.79231071472168,28.80347442626953,0.5247940116298464
911000000006,0.0,0.0,0.0,27.792255401611328,31.73981285095215,0.6834115336305931
911000000007,0.0,0.0,0.0,34.014034271240234,22.825313568115234,0.6457956460057991
911000000008,0.0,0.0,0.0,23.50598526000977,31.623476028442383,0.5923244269596087
911000000009,0.0,0.0,0.0,28.215744018554688,24.70619773864746,0.5606866640642711
912000000000,0.0,0.0,0.0,24.42215156555176,24.00436782836914,0.4688722517809609
912000000001,0.0,0.0,0.0,28.09701919555664,25.90938186645508,0.5807201755909603
912000000002,0.0,0.0,0.0,26.067750930786133,20.169261932373047,0.4313015689379582
912000000003,0.0,0.0,0.0,24.406421661376957,19.20383071899414,0.378788971233081
912000000004,0.0,0.0,0.0,25.8114070892334,24.32588577270508,0.5037016811150494
912000000005,0.0,0.0,0.0,27.202878952026367,27.7671012878418,0.5969069451916154
912000000006,0.0,0.0,0.0,24.68428039550781,26.77261734008789,0.5260684389501943
912000000007,0.0,0.0,0.0,35.6868782043457,22.371187210083008,0.6720052313051245
912000000008,0.0,0.0,0.0,29.389299392700195,17.962852478027344,0.4589480050542781
912000000009,0.0,0.0,0.0,24.227680206298828,22.29509925842285,0.4328795759187929
913000000000,0.0,0.0,0.0,23.077999114990234,19.914663314819336,0.36452357375049027
913000000001,0.0,0.0,0.0,39.13296890258789,29.314592361450195,0.8733117493853387
913000000002,0.0,0.0,0.0,31.13780975341797,28.0383415222168,0.6836023430338123
913000000003,0.0,0.0,0.0,26.780075073242188,22.05240249633789,0.4812872187502658
913000000004,0.0,0.0,0.0,33.70163345336914,22.19036293029785,0.6274435328558583
913000000005,0.0,0.0,0.0,28.09421157836914,25.76380920410156,0.5779401231054243
913000000006,0.0,0.0,0.0,30.544178009033203,28.45805931091309,0.6791359684797519
913000000007,0.0,0.0,0.0,31.088563919067383,24.34912872314453,0.6136025695490281
913000000008,0.0,0.0,0.0,31.69511604309082,27.30374336242676,0.681427796637583
913000000009,0.0,0.0,0.0,24.491365432739254,22.17186164855957,0.43604510256622164
914000000000,0.0,0.0,0.0,30.296688079833984,32.920345306396484,0.75743479215211
914000000001,0.0,0.0,0.0,28.274717330932617,20.35242080688477,0.4805061844254128
914000000002,0.0,0.0,0.0,23.88312721252441,25.80193328857422,0.49130062584746625
914000000003,0.0,0.0,0.0,30.32554244995117,24.79985809326172,0.6062023041279881
914000000004,0.0,0.0,0.0,23.994718551635746,29.510330200195312,0.5629523493845172
914000000005,0.0,0.0,0.0,24.605239868164062,18.351423263549805,0.3669754406343717
914000000006,0.0,0.0,0.0,25.071516036987305,20.908668518066406,0.42446113711191197
914000000007,0.0,0.0,0.0,32.42911148071289,23.367673873901367,0.6230595812223274
914000000008,0.0,0.0,0.0,33.61651992797852,22.908201217651367,0.6390996105484363
914000000009,0.0,0.0,0.0,33.469356536865234,33.25125503540039,0.8294339152715711
921000000000,0.0,0.0,0.0,24.57926368713379,20.646568298339844,0.4093495759622942
921000000001,0.0,0.0,0.0,31.8936710357666,23.76578521728516,0.619396311774329
921000000002,0.0,0.0,0.0,27.275043487548828,31.86935234069824,0.6751048230933558
921000000003,0.0,0.0,0.0,30.50756454467773,27.732627868652344,0.6648128847224336
921000000004,0.0,0.0,0.0,32.64079666137695,18.16244125366211,0.5301269630503
921000000005,0.0,0.0,0.0,24.07959747314453,21.38762855529785,0.41284059860528083
921000000006,0.0,0.0,0.0,24.65357780456543,25.853744506835938,0.5082511390235621
921000000007,0.0,0.0,0.0,29.72187805175781,23.7646427154541,0.5743245245762525
921000000008,0.0,0.0,0.0,31.320451736450195,26.139375686645508,0.6518854666467297
921000000009,0.0,0.0,0.0,26.74586296081543,29.19427490234375,0.6141111333841314
922000000000,0.0,0.0,0.0,29.22779655456543,17.032739639282227,0.43820730243686123
922000000001,0.0,0.0,0.0,24.18779182434082,19.311145782470703,0.37626033937527337
922000000002,0.0,0.0,0.0,32.26038360595703,23.32053565979004,0.618678230749772
922000000003,0.0,0.0,0.0,28.602087020874023,20.887163162231445,0.49729518089807667
922000000004,0.0,0.0,0.0,25.605810165405277,20.54324531555176,0.4287118073645736
922000000005,0.0,0.0,0.0,28.87574958801269,26.17691421508789,0.6018758386534778
922000000006,0.0,0.0,0.0,31.6121826171875,18.25885009765625,0.5105925676570294
922000000007,0.0,0.0,0.0,30.61311149597168,24.287296295166016,0.6025839594846154
922000000008,0.0,0.0,0.0,29.021249771118164,22.17388343811035,0.5300482219025814
922000000009,0.0,0.0,0.0,29.169233322143555,19.748241424560547,0.4877649987350329
923000000000,0.0,0.0,0.0,28.910053253173828,25.379653930664062,0.5876808150709596
923000000001,0.0,0.0,0.0,32.384803771972656,17.984100341796875,0.5214823036349396
923000000002,0.0,0.0,0.0,26.298519134521484,24.09444808959961,0.5094787981783827
923000000003,0.0,0.0,0.0,29.78350830078125,22.059627532958984,0.5437238000712801
923000000004,0.0,0.0,0.0,29.53862190246582,25.33631896972656,0.5999092359743775
923000000005,0.0,0.0,0.0,30.19955062866211,22.227413177490234,0.5554910782641052
923000000006,0.0,0.0,0.0,29.59522819519043,19.61992645263672,0.49420245054938117
923000000007,0.0,0.0,0.0,31.881946563720703,15.178123474121094,0.45858718638054896
923000000008,0.0,0.0,0.0,27.67803955078125,23.95738410949707,0.5355320532064396
923000000009,0.0,0.0,0.0,36.039432525634766,22.30199813842773,0.6780247680572813
924000000000,0.0,0.0,0.0,24.091228485107425,19.99384880065918,0.38702197472987454
924000000001,0.0,0.0,0.0,24.443416595458984,20.4809627532959,0.4034352686512881
924000000002,0.0,0.0,0.0,28.08253288269043,20.139629364013672,0.4725409994040053
924000000003,0.0,0.0,0.0,36.53610610961914,21.921539306640625,0.6812139339802525
924000000004,0.0,0.0,0.0,26.367351531982425,26.761707305908203,0.5607771113682383
924000000005,0.0,0.0,0.0,22.297584533691406,24.9509334564209,0.4424996572451558
924000000006,0.0,0.0,0.0,25.019689559936523,18.839210510253903,0.384692841786743
924000000007,0.0,0.0,0.0,24.586488723754883,24.441600799560547,0.4804562348125624
924000000008,0.0,0.0,0.0,24.507741928100582,18.76264762878418,0.372641776666684
924000000009,0.0,0.0,0.0,30.26606559753418,18.2376708984375,0.48227349639424927
